template_id,edit_type_id,edit_type,categories,instruction
1067w-IQprojiENUA,0,Color Palette Variation,"color,global","Switch to dark mode: set background to deep navy #0B1B2B, change all text to warm ivory #F8F1E7, and recolor orange accents to muted gold #C8A75E for consistent contrast."
1067w-IQprojiENUA,1,Translation,"text,global",Replace the headline “FASHIONABLE WARDROBE” with the Spanish “GUARDARROPA A LA MODA” in uppercase tall serif.
1067w-IQprojiENUA,2,2-Element Layout Swap,"layout,global","Swap positions: move the “FASHIONABLE WARDROBE” headline to the bottom above @reallygreatsite, and shift the clothing collage up to the top center to maintain balance."
1067w-IQprojiENUA,3,Global Layout Change,"layout,global","Convert to a centered 2x3 grid with equal gutters; place the title in a top bar, the handle in a bottom footer; expand outer margins."
1067w-IQprojiENUA,4,Object Removal,"layout,local","Remove the sunglasses; move the striped polo to center between the jacket and jeans, and nudge the handbag and shoes right to balance spacing."
1067w-IQprojiENUA,5,Object Addition,"layout,local","Add a small brown leather belt illustration centered between the bag and jeans, angled slightly."
1067w-IQprojiENUA,6,Copy Expansion,"text,layout,global","Expand the bottom '@reallygreatsite' into a two-line body paragraph: '@reallygreatsite — Follow for curated outfit ideas, styling tips, and weekly drops. Discover mix-and-match essentials and standout accessories for every season.'"
1067w-IQprojiENUA,7,Image Replacement,"image,layout,local","Replace the main clothing collage with a formal businesswear set—navy blazer, white shirt, tailored trousers, oxford shoes, sleek briefcase, and classic sunglasses—kept in the same layout."
1067w-IQprojiENUA,8,Typography Style Shift,"text,style,global",Switch all text to bold lowercase sans-serif to shift the tone from formal to modern-casual.
1067w-IQprojiENUA,9,Accent Recolor,"color,local","Change the ""FASHIONABLE WARDROBE"" headline color to deep denim blue #1F3A64."
1067w-IQprojiENUA,10,Background Replacement,"image,color,global",Replace the beige background with a light sage #E6F2E8 solid color to refresh the mood while keeping all clothing items and text clearly legible.
1067w-IQprojiENUA,11,Hierarchy Adjustment,"layout,text,global","Enlarge the product images to dominate the upper center; shrink the headline to small uppercase below in #9A9A9A, ensuring the clothing becomes the primary focal point."
1067w-IQprojiENUA,12,Contrast & Readability Enhancement,"color,style,local",Add a subtle medium-gray (#6E6E6E) soft shadow around the white handbag and white portions of the striped shirt to improve edge contrast against the beige background.
1067w-IQprojiENUA,13,Add Secondary Text Block,"text,layout,local","Add a small sans-serif subtitle ""Curated essentials for everyday style"" centered directly beneath the main title in #666666"
1067w-IQprojiENUA,14,Theme Restyling,"style,color,global","Restyle for winter holidays: change background to deep forest green #184D3A, update title to COZY HOLIDAY WARDROBE in uppercase bold white, and add small white snowflake icons around items."
1131w-02GXIIidf_4,0,Color Palette Variation,"color,global",Replace red headers/footers and yellow highlight with deep navy #0B1F3B backgrounds and safety orange #FF5A00 bands/badges; set body text white #FFFFFF and headings uppercase bold white for high-contrast urgency.
1131w-02GXIIidf_4,1,Translation,"text,global","Translate all text on the poster to Spanish, keeping the name 'DONNA' unchanged, including 'MISSING', 'REWARD', description, location/date, and 'PLEASE CALL 123-456-7890'."
1131w-02GXIIidf_4,2,2-Element Layout Swap,"layout,global","Swap the main cat photo with the red MISSING header, placing the photo at the very top and the header centered immediately below it to preserve hierarchy."
1131w-02GXIIidf_4,3,Global Layout Change,"layout,global","Reformat to a two-column grid: left column full-height photo with reward badge; right column stacked text blocks (title, name, details, last-seen, call-to-action); add consistent padding and equal margins."
1131w-02GXIIidf_4,4,Object Removal,"layout,local","Remove the red “REWARD” stamp; center and slightly enlarge the cat photo within the black frame, then nudge the description text upward to maintain balance."
1131w-02GXIIidf_4,5,Object Addition,"layout,local","Add a small #E53935 map pin icon to the left of the yellow “Last seen at Borcelle Yard” bar, aligned center vertically with the text."
1131w-02GXIIidf_4,6,Copy Expansion,"text,layout,global","Expand the description paragraph beneath the photo to 2–3× length, adding temperament, weight, microchip ID, meow behavior, and collar details, keeping clear tone and wrapping within the frame."
1131w-02GXIIidf_4,7,Image Replacement,"image,layout,local","Replace the central cat portrait with a similarly framed close-up of a golden retriever puppy resting on a couch, keeping neutral background blur and warm lighting."
1131w-02GXIIidf_4,8,Typography Style Shift,"text,style,global",Switch all text to a condensed sans-serif; make headlines uppercase heavy and body regular to shift the tone from friendly to urgent and authoritative.
1131w-02GXIIidf_4,9,Accent Recolor,"color,local",Change the REWARD stamp background from red to deep royal blue #1E3A8A.
1131w-02GXIIidf_4,10,Background Replacement,"image,color,global","Replace the cat photo’s background with a clean solid light teal #D6F2F0, carefully cut out Donna so she remains crisp and legible; keep all poster elements unchanged."
1131w-02GXIIidf_4,11,Hierarchy Adjustment,"layout,text,global","Make the cat photo primary: enlarge it to dominate center, shrink the 'MISSING' header, and move a smaller REWARD badge to the lower-right."
1131w-02GXIIidf_4,12,Contrast & Readability Enhancement,"color,style,local",Add a soft black drop shadow (20% opacity) to the REWARD stamp to enhance its legibility against the light photo background.
1131w-02GXIIidf_4,13,Add Secondary Text Block,"text,layout,local","Add a small uppercase sans-serif subtitle 'Beloved family cat' centered directly beneath 'DONNA' in dark gray #333, with slight letter spacing to balance the top area."
1131w-02GXIIidf_4,14,Theme Restyling,"style,color,global","Restyle to winter holiday theme: replace red areas with deep forest green #184D3A, yellow banner with cranberry #B31B1B, add small snowflakes on borders, set headings uppercase bold tall serif."
1131w-120Kpwxx3eY,0,Color Palette Variation,"color,global","Recolor the resume: replace all royal blue with deep forest green (#184D3A), set background to soft ivory (#FBF8F2), and change body text to charcoal (#2E2E2E)."
1131w-120Kpwxx3eY,1,Translation,"text,global","Translate all visible English text into Japanese, including headings, labels, and body copy, while keeping the name unchanged and preserving layout and styling."
1131w-120Kpwxx3eY,2,2-Element Layout Swap,"layout,global","Swap the top-left profile photo with the top-right name/role block, placing the name on the left column header and the photo on the right, maintaining equal margins and alignment."
1131w-120Kpwxx3eY,3,Global Layout Change,"layout,global","Redesign to a clean single-column layout: place a full-width header on top, merge sidebar content into stacked sections beneath, enlarge global padding, increase section spacing, and add consistent dividers."
1131w-120Kpwxx3eY,4,Object Removal,"layout,local","Remove the top blue squiggle and sunburst decorations; move the name and title upward slightly, then tighten the space above Education to maintain balance and even vertical rhythm."
1131w-120Kpwxx3eY,5,Object Addition,"layout,local","Insert a small royal blue (#1F3AE6) QR code beneath the contact details, right-aligned, linking to the candidate’s online portfolio."
1131w-120Kpwxx3eY,6,Copy Expansion,"text,layout,global","Expand the 'About Me' paragraph to 2–3x its current length with similar professional tone, preserving left-column width, alignment, and spacing."
1131w-120Kpwxx3eY,7,Image Replacement,"image,layout,local",Replace the profile photo with a similarly framed image of a minimalist workspace—hands sketching on a tablet beside a laptop—cool blue accents to match the layout.
1131w-120Kpwxx3eY,8,Typography Style Shift,"text,style,global",Replace the name and all section headings with a tall serif font to shift the tone from playful to elegant.
1131w-120Kpwxx3eY,9,Accent Recolor,"color,local",Recolor the “Estelle Darcy” name headline to deep forest green (#184D3A).
1131w-120Kpwxx3eY,10,Background Replacement,"image,color,global","Replace the cream background and blue border with a subtle vertical gradient from #FFFFFF to #EAF1FF, ensuring all navy text/icons remain high-contrast and fully legible."
1131w-120Kpwxx3eY,11,Hierarchy Adjustment,"layout,text,global","Enlarge the portrait to dominate the header, moving it center-top; reduce “Estelle Darcy” to medium-weight title beneath and lighten its color to #4A69D1 for reduced contrast."
1131w-120Kpwxx3eY,12,Contrast & Readability Enhancement,"color,style,local","Darken all paragraph text and contact details to deep navy #14235B, replacing the light gray/blue for stronger contrast."
1131w-120Kpwxx3eY,13,Add Secondary Text Block,"text,layout,local","Add a small, italic subtitle under “Graphic Designer” reading “Crafting clean, human-centered visuals” in soft slate gray #6B7280, left-aligned, matching header width to rebalance top spacing."
1131w-120Kpwxx3eY,14,Theme Restyling,"style,color,global",Restyle for winter holidays: replace all accent blues with icy teal #63D2FF and navy #0F2240; add subtle snowflake icons beside each section header; keep layout and typography unchanged.
1131w-50t2MzJLmsM,0,Color Palette Variation,"color,global","Switch to dark mode: set background deep navy #0B1A33, change all royal blue text/illustrations to warm cream #FFF3D6, keeping existing layout and contrast for readability."
1131w-50t2MzJLmsM,1,Translation,"text,global","Translate all poster text into Spanish: “GRAN APERTURA”, “A LAS 10:00 AM, SÁBADO”, “15 DE DICIEMBRE DE 2025”, “123 CALLE ANYWHERE, ANY CITY”."
1131w-50t2MzJLmsM,2,2-Element Layout Swap,"layout,global","Swap positions of ""GRAND OPENING"" and the barista illustration: shift the headline to right-center, move the illustration to the top-center for balance."
1131w-50t2MzJLmsM,3,Global Layout Change,"layout,global","Convert to a three-band layout: top full-width headline, middle full-width illustrations, bottom full-width event details; increase margins; center-align all text; add generous spacing between bands."
1131w-50t2MzJLmsM,4,Object Removal,"layout,local","Remove all star doodles; shift the server-with-cup illustration 10% left and slightly up to fill the space, keeping all text positions and sizes unchanged."
1131w-50t2MzJLmsM,5,Object Addition,"layout,local","Add a small sketch-style location pin icon in matching blue before the address line, aligning baseline with the text to anchor the bottom-left area."
1131w-50t2MzJLmsM,6,Copy Expansion,"text,layout,global","Expand ""123 ANYWHERE ST., ANY CITY"" to: Find us at 123 Anywhere St., Any City—near Main and Oak—with street parking and a nearby garage."
1131w-50t2MzJLmsM,7,Image Replacement,"image,layout,local","Replace the hand-drawn barista holding a steaming cup with a hand-drawn florist holding a bouquet on a tray; swap coffee-themed doodles for flower doodles, keeping blue outlines."
1131w-50t2MzJLmsM,8,Typography Style Shift,"text,style,global","Switch all text to a tall serif, title case, with medium weight, replacing the current bold uppercase sans-serif."
1131w-50t2MzJLmsM,9,Accent Recolor,"color,local","Recolor the ""OPENING"" subheadline to pumpkin orange #F28C28."
1131w-50t2MzJLmsM,10,Background Replacement,"image,color,global","Replace the crumpled beige paper background with a smooth warm light-cream gradient from #FFF6E0 to #FFE0B3, keeping high contrast with the blue illustrations and text."
1131w-50t2MzJLmsM,11,Hierarchy Adjustment,"layout,text,global",Scale up and center the barista-with-cup illustration to dominate the top; reduce “GRAND OPENING” to a medium title placed below the image and recolor it a softer blue #7FA9FF.
1131w-50t2MzJLmsM,12,Contrast & Readability Enhancement,"color,style,local","Place a semi-transparent cream (#FFF3E0) rectangular overlay behind the bottom event details text to boost legibility against the wrinkled paper, keeping padding tight and not covering illustrations."
1131w-50t2MzJLmsM,13,Add Secondary Text Block,"text,layout,local","Add a small uppercase sans-serif subtitle 'FREE COFFEE SAMPLES • LIVE MUSIC' in deep cobalt blue (#2047D8), left-aligned directly beneath 'OPENING' to balance the upper-left area."
1131w-50t2MzJLmsM,14,Theme Restyling,"style,color,global","Restyle for winter holidays: change blue to deep forest green with cranberry red accents, replace star doodles with snowflakes, add small holly around the steaming cup; keep layout unchanged."
1131w-9cN5biKALLQ,0,Color Palette Variation,"color,global","Replace the light blue background and dark blue text with deep navy (#0A1B2E) background and icy cyan (#B9F6FF) text to create a cool, high-contrast dark mode."
1131w-9cN5biKALLQ,1,Translation,"text,global","Replace headline 'ICE FOR SALE' with 'HIELO EN VENTA' and change '₱3.00 ONLY' to 'SOLO ₱3.00', preserving style."
1131w-9cN5biKALLQ,2,2-Element Layout Swap,"layout,global","Swap positions of the ""ICE FOR SALE"" headline and the ""₱3.00 ONLY"" price, placing price at top and headline centered below, maintaining balanced spacing."
1131w-9cN5biKALLQ,3,Global Layout Change,"layout,global","Rebuild as a horizontal banner: arrange ""ICE"", ""FOR"", ""SALE"" in three equal-width columns, vertically centered; move price into a full-width bottom ribbon with centered text; increase outer margins."
1131w-9cN5biKALLQ,4,Object Removal,"layout,local","Remove the ""₱3.00 ONLY"" line; vertically center ""ICE FOR SALE"" and enlarge it slightly to fill the space, preserving the same blue color and bold sans-serif."
1131w-9cN5biKALLQ,5,Object Addition,"layout,local","Add a small ice cube illustration centered above “ICE FOR SALE,” using white with #1E5AA8 outline to balance the layout."
1131w-9cN5biKALLQ,6,Copy Expansion,"text,layout,global","Expand the '₱3.00 ONLY' line into a body paragraph: 'Only ₱3.00 per bag—clear ice for drinks, coolers, and parties; frozen daily with fast pick-up and bulk options available.'"
1131w-9cN5biKALLQ,7,Image Replacement,"image,layout,local","Replace the plain light-blue background with a warm rustic wood tabletop photo, keeping the bold blue centered typography unchanged."
1131w-9cN5biKALLQ,8,Typography Style Shift,"text,style,global","Replace the rounded sans-serif with a tall serif in title case and medium weight, adding slight letter-spacing to shift the tone from playful to elegant."
1131w-9cN5biKALLQ,9,Accent Recolor,"color,local","Recolor the ""SALE"" text to icy teal #1BC7D9."
1131w-9cN5biKALLQ,10,Background Replacement,"image,color,global","Replace the flat light-blue background with a pale frosty ice texture in #E6F7FF tones, ensuring high contrast so the dark-blue lettering remains legible."
1131w-9cN5biKALLQ,11,Hierarchy Adjustment,"layout,text,global",Enlarge '₱3.00 ONLY' to huge uppercase bold; place at top center in deep navy #0A2A66; shrink 'ICE FOR SALE' to medium sans-serif below with lighter #2E6FB3 as secondary.
1131w-9cN5biKALLQ,12,Contrast & Readability Enhancement,"color,style,local",Change all text to deep navy #0B2D5C and apply a thin white stroke to “₱3.00 ONLY” to boost contrast against the light blue background.
1131w-9cN5biKALLQ,13,Add Secondary Text Block,"text,layout,local","Add a small uppercase sans-serif subtitle 'Purified ice available here' in #5B8FD9, centered above 'ICE FOR SALE' to reduce top whitespace."
1131w-9cN5biKALLQ,14,Theme Restyling,"style,color,global","Restyle to Christmas theme: change background to #F9FBFF, set text alternating #C62828 and #1B5E20 in uppercase bold, add small snowflake icons around the price; keep layout."
1131w-Cn6h5Tqrn10,0,Color Palette Variation,"color,global","Replace light gray background and deep green accents with a dark cool palette: background #0E1A24, leaves teal #5FA3A6 and aqua #B9DEE0, text soft ivory #F8F3E6."
1131w-Cn6h5Tqrn10,1,Translation,"text,global","Translate all text to Spanish: change ""Daily Motivation"" to ""Motivación diaria"" and the quote to ""Mantente inspirado, nunca dejes de crear""; keep @reallygreatsite unchanged."
1131w-Cn6h5Tqrn10,2,2-Element Layout Swap,"layout,global","Swap the “Daily Motivation” label with the @reallygreatsite handle, placing the label bottom-center and the handle top-left to preserve balance around the centered quote."
1131w-Cn6h5Tqrn10,3,Global Layout Change,"layout,global","Reflow into a two-column grid: consolidate all text left-aligned in the left column, allocate a full-height right column for foliage; introduce generous top/bottom padding and wider side margins."
1131w-Cn6h5Tqrn10,4,Object Removal,"layout,local","Remove the “Daily Motivation” text; center the quote vertically and nudge the bottom-left leaves slightly inward to maintain balance, keeping the top-right foliage unchanged."
1131w-Cn6h5Tqrn10,5,Object Addition,"layout,local",Add a small #184D3A lightbulb icon in the bottom-right corner to balance the layout.
1131w-Cn6h5Tqrn10,6,Copy Expansion,"text,layout,global","Replace the central quote with: ""Stay inspired; never stop creating—keep learning, exploring, and sharing your unique voice."""
1131w-Cn6h5Tqrn10,7,Image Replacement,"image,layout,local",Replace the green leafy corner illustrations with snow-covered pine branches in the same positions to create a winter theme.
1131w-Cn6h5Tqrn10,8,Typography Style Shift,"text,style,global","Switch the quote text from cursive to a tall serif in title size, sentence case, with light weight to shift the tone from playful to elegant."
1131w-Cn6h5Tqrn10,9,Accent Recolor,"color,local",Recolor the central quote text to rich terracotta #C45A3D.
1131w-Cn6h5Tqrn10,10,Background Replacement,"image,color,global","Replace the light gray linen background with a soft pastel gradient from #FFF8E7 to #E6F7FF, preserving the botanical elements and ensuring all dark-green text remains high-contrast."
1131w-Cn6h5Tqrn10,11,Hierarchy Adjustment,"layout,text,global","Make the foliage dominant: enlarge the top-right leaves to span the center, reduce the quote to small in #6B7A72, shift it lower-left, and keep bottom-left leaves lower-contrast."
1131w-Cn6h5Tqrn10,12,Contrast & Readability Enhancement,"color,style,local",Change “Daily Motivation” and “@reallygreatsite” to deep forest green #0B2B26 and add a subtle soft shadow to both for improved legibility on the light background.
1131w-Cn6h5Tqrn10,13,Add Secondary Text Block,"text,layout,local","Add a small sans-serif subtitle “Fuel your passion every day” beneath “Daily Motivation,” left-aligned, in #184D3A with slight letter-spacing to balance the upper-left area."
1131w-Cn6h5Tqrn10,14,Theme Restyling,"style,color,global","Restyle to winter holidays: replace leaves with holly and subtle snowflakes at corners, switch background to soft snowy white, and recolor all text to deep crimson #8B1A1A."
1131w-DBVzDPV0y5E,0,Color Palette Variation,"color,global","Swap periwinkle background to soft coral #FF6F61, white panel to warm cream #FFF5E6; change red title to deep teal #0F5959 and recolor illustrations to teal/peach/cream accents; keep date charcoal."
1131w-DBVzDPV0y5E,1,Translation,"text,global","Replace the headline ""SCIENCE LAB"" with the Spanish translation ""LABORATORIO DE CIENCIAS""."
1131w-DBVzDPV0y5E,2,2-Element Layout Swap,"layout,global","Swap the central 'SCIENCE LAB' headline with the lower '2022' date, placing the headline top-centered and the year centered where the headline was."
1131w-DBVzDPV0y5E,3,Global Layout Change,"layout,global",Switch to landscape; use full-bleed white; place all illustrations in a left sidebar column; center the title as a wide header; move the year to a slim footer.
1131w-DBVzDPV0y5E,4,Object Removal,"layout,local",Remove the “2022” text; vertically center “SCIENCE LAB” and slightly increase its size to fill the freed space.
1131w-DBVzDPV0y5E,5,Object Addition,"layout,local","Add a small blue DNA double helix illustration along the right-center edge, matching the existing doodle style, to balance the left-side elements."
1131w-DBVzDPV0y5E,6,Copy Expansion,"text,layout,global","Replace the “2022” line with a two-sentence body paragraph about hands-on experiments, safety, and curiosity, centered beneath the title in sans-serif, #222 text, balanced margins."
1131w-DBVzDPV0y5E,7,Image Replacement,"image,layout,local","Replace science lab doodles (beaker, test tube, battery, pipette, goggles, molecule) with space icons (rocket, planet, star chart, satellite, helmet), keeping the same border layout and playful style."
1131w-DBVzDPV0y5E,8,Typography Style Shift,"text,style,global",Change “SCIENCE LAB” to uppercase bold tall serif in deep navy #0B2545.
1131w-DBVzDPV0y5E,9,Accent Recolor,"color,local","Recolor the “SCIENCE LAB” title to deep cobalt blue #1E4F8C, leaving all other elements unchanged."
1131w-DBVzDPV0y5E,10,Background Replacement,"image,color,global","Replace the solid blue outer background with a chalkboard green texture (#204E37) with faint chalk dust, keeping the white panel and illustrations untouched for contrast."
1131w-DBVzDPV0y5E,11,Hierarchy Adjustment,"layout,text,global","Make the bottom-right molecule the focal point: scale huge and center; shrink ""SCIENCE LAB"" to small sans-serif in soft gray beneath; move remaining icons tightly to the corners."
1131w-DBVzDPV0y5E,12,Contrast & Readability Enhancement,"color,style,local","Add a subtle medium-gray (#8A8A8A) outline to all white areas touching the white panel (beaker markings, test tube cap, battery top, goggle highlights) to boost contrast."
1131w-DBVzDPV0y5E,13,Add Secondary Text Block,"text,layout,local",Add a small italic sans-serif subtitle “Hands-on experiments for curious minds” centered between “SCIENCE LAB” and “2022” in deep forest green.
1131w-DBVzDPV0y5E,14,Theme Restyling,"style,color,global","Restyle to Halloween: replace lab doodles with pumpkins, bats, and cauldrons; switch background to deep purple #2E1A47; change title to “Spooky Lab” in uppercase orange; keep layout and year."
1131w-HeJuVR7Avb0,0,Color Palette Variation,"color,global","Shift to a coastal blue palette: set outer background to white #FFFFFF, inner panel to cobalt #1F4AA8; change top/bottom text to cobalt and panel text to white; keep lemons/leaves untouched."
1131w-HeJuVR7Avb0,1,Translation,"text,global","Translate all text to French: keep 'POSITANO', change 'AMALFI COAST' to 'CÔTE AMALFITAINE' and 'ITALY' to 'ITALIE'; leave '2025' unchanged and maintain uppercase styling."
1131w-HeJuVR7Avb0,2,2-Element Layout Swap,"layout,global","Swap the top “POSITANO” and bottom “AMALFI COAST” headlines, keeping both centered with equal top and bottom margins to preserve balance."
1131w-HeJuVR7Avb0,3,Global Layout Change,"layout,global","Restructure into a three-band layout: top banner stacked titles centered, middle full-bleed image, bottom banner with location/date horizontally; apply wide margins and a consistent 12-column grid."
1131w-HeJuVR7Avb0,4,Object Removal,"layout,local",Remove the vertical “ITALY” and “2025” text; slightly enlarge the lemon illustration and recenter it within the pink panel to maintain balance and readability.
1131w-HeJuVR7Avb0,5,Object Addition,"layout,local","Add a small white lemon blossom illustration with #184D3A stem at the top-left of the pink panel, aligned to the branch."
1131w-HeJuVR7Avb0,6,Copy Expansion,"text,layout,global","Expand the bottom “AMALFI COAST” into a short body paragraph 2–3× longer, describing Positano’s seaside charm; keep deep forest green sans-serif, centered below the pink panel with balanced margins."
1131w-HeJuVR7Avb0,7,Image Replacement,"image,layout,local","Replace the watercolor lemon branch with a watercolor bougainvillea stem of clustered magenta flowers and green leaves, keeping the pink background, scale, and branch-like diagonal composition."
1131w-HeJuVR7Avb0,8,Typography Style Shift,"text,style,global",Switch all text to a tall serif to shift the tone from playful to elegant.
1131w-HeJuVR7Avb0,9,Accent Recolor,"color,local",Recolor the pink inner rectangle background to soft sky blue #CFEFFF.
1131w-HeJuVR7Avb0,10,Background Replacement,"image,color,global","Replace the pink inner background with deep Mediterranean blue (#0F4C81), preserving the lemons’ edges and the readability of all green text."
1131w-HeJuVR7Avb0,11,Hierarchy Adjustment,"layout,text,global","Scale up the lemon illustration to dominate the pink area, and shrink 'POSITANO' and 'AMALFI COAST' to small sans-serif with lighter #6AA061, emphasizing the artwork as the focal point."
1131w-HeJuVR7Avb0,12,Contrast & Readability Enhancement,"color,style,local","Change the vertical ""ITALY"" and ""2025"" text to deep forest green (#184D3A) for stronger contrast against the pink panel."
1131w-HeJuVR7Avb0,13,Add Secondary Text Block,"text,layout,local",Add a small italic sans-serif subtitle “Sun-kissed cliffs & citrus” centered under “POSITANO” in deep forest green to balance the top spacing.
1131w-HeJuVR7Avb0,14,Theme Restyling,"style,color,global","Swap the pink panel for deep burgundy #7A0019, replace the lemon branch with watercolor holly and ornaments, and change all text to gold #D4AF37, keeping layout unchanged."
1131w-MQeKlmQ9RXc,0,Color Palette Variation,"color,global","Replace the light gray/black/coral palette: set background deep charcoal #121212, change all text and lines to off-white #F5F5F5, and recolor coral 3D accent to vibrant aqua #00E5FF."
1131w-MQeKlmQ9RXc,1,Translation,"text,global","Translate all text to Spanish: 'BLOCK PARTY'→'FIESTA DEL BARRIO', 'FREE DRINKS'→'BEBIDAS GRATIS', 'SATURDAY 3 SEPTEMBER'→'SÁBADO 3 SEPTIEMBRE', 'LIVE MUSIC'→'MÚSICA EN VIVO', 'FREE ENTRY'→'ENTRADA GRATUITA'."
1131w-MQeKlmQ9RXc,2,2-Element Layout Swap,"layout,global","Swap the “BLOCK PARTY” headline block with the central 3D face image, moving the image to the top banner and placing the headline centered within the bordered middle area."
1131w-MQeKlmQ9RXc,3,Global Layout Change,"layout,global","Rebuild into a two-column grid: left column full-height 3D face; right column stacked headline, date/time card, and details; move three feature panels to a sticky footer spanning full width."
1131w-MQeKlmQ9RXc,4,Object Removal,"layout,local","Remove the ""@REALLYGREATSITE"" handle; center ""BORCELLE CLUB"" along the bottom border for balance."
1131w-MQeKlmQ9RXc,5,Object Addition,"layout,local",Add a small coral (#FF6A5A) location pin icon to the left of “BORCELLE CLUB” within the bottom frame to emphasize the venue and balance the layout.
1131w-MQeKlmQ9RXc,6,Copy Expansion,"text,layout,global","Expand the center bottom ""LIVE MUSIC"" block into a small uppercase body paragraph: ""Live music all evening with DJ Harper Russo and guests—house, disco, and feel‑good anthems."""
1131w-MQeKlmQ9RXc,7,Image Replacement,"image,layout,local","Replace the central 3D googly-eyed smiley with a similar-sized neon-lit 1980s boombox render, keeping the same framing and lighting for a retro party vibe."
1131w-MQeKlmQ9RXc,8,Typography Style Shift,"text,style,global",Replace current heavy sans-serif uppercase with tall serif title case across all text to shift tone from playful to elegant.
1131w-MQeKlmQ9RXc,9,Accent Recolor,"color,local",Recolor the top-right date badge background to light coral #FFD5D5.
1131w-MQeKlmQ9RXc,10,Background Replacement,"image,color,global","Replace the light gray background behind the 3D face with a neon gradient (#1A0AFF to #FF2E63), ensuring the face and all text remain clearly legible."
1131w-MQeKlmQ9RXc,11,Hierarchy Adjustment,"layout,text,global","Enlarge the central 3D face to extend into the top area, and shrink “BLOCK PARTY” to a medium-weight title below the image, making the image the dominant focal point."
1131w-MQeKlmQ9RXc,12,Contrast & Readability Enhancement,"color,style,local","Add subtle #000000 drop shadows to “FREE DRINKS,” “5:00 PM,” “@REALLYGREATSITE,” and “BORCELLE CLUB” to boost contrast against the glossy white face without changing the composition."
1131w-MQeKlmQ9RXc,13,Add Secondary Text Block,"text,layout,local","Add a small uppercase subtitle ""Neighborhood Street Bash"" centered below ""BLOCK PARTY"", sans-serif medium with slight letterspacing, color #333333, to fill the gap above the main image frame."
1131w-MQeKlmQ9RXc,14,Theme Restyling,"style,color,global","Restyle for winter holidays: change palette to deep forest green #184D3A, cranberry #B10F2E, snow #F7F7F7; replace 3D face with simple snowflake; add small holly accents; keep layout."
1131w-Uq1C4aZZi9w,0,Color Palette Variation,"color,global","Recolor the design: replace blush pinks and reds with tropical teal #1EB5A6, coral #FF6F61, and warm sand #F4EBD0; keep text in charcoal #222 and accents in white for contrast."
1131w-Uq1C4aZZi9w,1,Translation,"text,global",Translate the headline to Spanish: change the top subhead to “Fresa” (fanciful cursive) and the main title to “DAIQUIRÍ” uppercase bold in the same deep red.
1131w-Uq1C4aZZi9w,2,2-Element Layout Swap,"layout,global","Swap the large “DAIQUIRI” headline at the top with the cocktail illustration block below, placing the image at the top and the headline centered directly beneath it."
1131w-Uq1C4aZZi9w,3,Global Layout Change,"layout,global","Convert to a two-column layout: left full-bleed illustration; right vertical stack of title, description, year, and ingredients; move color swatches to a thin header bar across the top."
1131w-Uq1C4aZZi9w,4,Object Removal,"layout,local",Remove the color swatch strip above the description; bring the divider lines together and move the description box up slightly to maintain vertical balance.
1131w-Uq1C4aZZi9w,5,Object Addition,"layout,local","Add a small silhouette of Cuba in muted #B53A44 to the left of the ""Invented in Cuba around 1902"" box, centered vertically to balance the bottom section."
1131w-Uq1C4aZZi9w,6,Copy Expansion,"text,layout,global","Expand the italic history paragraph starting “The Daiquiri, the classic cocktail...” to 2–3× length, preserving tone and alignment within its bordered box to test wrapping and overflow."
1131w-Uq1C4aZZi9w,7,Image Replacement,"image,layout,local","Replace the strawberry daiquiri illustration in a coupe with an espresso martini in a coupe, garnished with three coffee beans; change the pink checkerboard background to a mocha checkerboard."
1131w-Uq1C4aZZi9w,8,Typography Style Shift,"text,style,global",Convert all text to clean sans-serif; set “DAIQUIRI” and headings in uppercase bold to shift the tone from nostalgic vintage to modern minimal.
1131w-Uq1C4aZZi9w,9,Accent Recolor,"color,local","Recolor the ""DAIQUIRI"" headline text to deep forest green #184D3A."
1131w-Uq1C4aZZi9w,10,Background Replacement,"image,color,global","Replace the pink checkered and rays with a tropical sunset gradient (peach #FFC2A1 to coral #FF5A5F), leaving a pale cream oval behind the glass for contrast."
1131w-Uq1C4aZZi9w,11,Hierarchy Adjustment,"layout,text,global","Enlarge the cocktail illustration to dominate the top half; move “DAIQUIRI” below it at medium weight and lighter #B85A67, making the image the main focal point."
1131w-Uq1C4aZZi9w,12,Contrast & Readability Enhancement,"color,style,local",Add a 25% opaque cream (#F8F1F1) overlay over the pink checkered background behind the glass to soften contrast and enhance legibility of the glass silhouette.
1131w-Uq1C4aZZi9w,13,Add Secondary Text Block,"text,layout,local","Add a small uppercase sans-serif subtitle “Sweet, tart, and icy” centered beneath “DAIQUIRI,” with slightly wide tracking in deep raspberry #A31E34."
1131w-Uq1C4aZZi9w,14,Theme Restyling,"style,color,global","Restyle for winter holidays: replace pinks with #184D3A and #A0172D, swap checkerboard for subtle snowflakes, add small holly accents, keep layout and text hierarchy unchanged."
1131w-eRlpDg4f0K8,0,Color Palette Variation,"color,global","Replace lavender background and navy graphics/text with cream #FFF4E6, deep forest green #184D3A borders/illustrations, dark cocoa #3B2A21 headings, charcoal #333333 body, and muted sage #7AA389 script accents."
1131w-eRlpDg4f0K8,1,Translation,"text,global",Translate all text on the flyer to French; change 'JOIN OUR Book Club!' to 'Rejoignez notre club de lecture !' and 'Let's get reading!' to 'Commençons à lire !'.
1131w-eRlpDg4f0K8,2,2-Element Layout Swap,"layout,global","Swap the main illustration and the “JOIN OUR Book Club!” headline, placing the illustration top-center and the headline centered directly beneath it, maintaining balanced spacing."
1131w-eRlpDg4f0K8,3,Global Layout Change,"layout,global","Convert to a two-column grid: left column full-height illustration, right column stacked text; transform the scalloped edge into a narrow frame; add a centered footer bar for details."
1131w-eRlpDg4f0K8,4,Object Removal,"layout,local",Remove the lavender cursive “Book Club!” under the title; nudge the book illustration up and tighten spacing between “JOIN OUR” and the art to maintain balance.
1131w-eRlpDg4f0K8,5,Object Addition,"layout,local","Add a small deep navy #1C2541 map pin icon to the left of ""123 Anywhere St., Any City,"" vertically centered to reinforce the location information."
1131w-eRlpDg4f0K8,6,Copy Expansion,"text,layout,global","Expand the right-side address block into a 2–3× longer body paragraph with venue details, room/parking directions, and RSVP note; deep navy #1F2A44, left-aligned, maintain current column width."
1131w-eRlpDg4f0K8,7,Image Replacement,"image,layout,local","Replace the central books-and-flowers illustration with a similarly composed steaming teacup surrounded by sprigs and blossoms, maintaining the line-art style and placement for a cozy tea social theme."
1131w-eRlpDg4f0K8,8,Typography Style Shift,"text,style,global",Replace the script 'Book Club!' and 'Let's get reading!' with italic tall serif in title size to create an elegant tone.
1131w-eRlpDg4f0K8,9,Accent Recolor,"color,local",Recolor the cursive “Book Club!” text to deep plum #5A2A6E.
1131w-eRlpDg4f0K8,10,Background Replacement,"image,color,global","Replace the lavender background with a warm cream paper texture (#F5EDE2), preserving the scalloped navy border and all artwork/text placement for high-contrast legibility."
1131w-eRlpDg4f0K8,11,Hierarchy Adjustment,"layout,text,global","Make the book illustration the dominant focal point: scale it huge and centered, darken to #0D2442; reduce “JOIN OUR” to medium weight and size, reposition it below the illustration."
1131w-eRlpDg4f0K8,12,Contrast & Readability Enhancement,"color,style,local","Change the light lavender script ""Book Club!"" and ""Let’s get reading!"" to deep indigo #1F2A56 and add a soft dark shadow to increase contrast and readability."
1131w-eRlpDg4f0K8,13,Add Secondary Text Block,"text,layout,local","Add a small sans-serif subtitle, ""Monthly meetups, lively chats, cozy vibes,"" centered below the floral-books illustration, in deep navy #1E2A54."
1131w-eRlpDg4f0K8,14,Theme Restyling,"style,color,global","Restyle for winter holidays: replace surrounding florals with holly and snowflakes, switch palette to cranberry #A61B2B, pine #184D3A, snowy white #F7FAFF, preserving layout and typography."
1131w-mOTBWbhbFs0,0,Color Palette Variation,"color,global","Replace deep forest green background with warm latte #F2E9D8, and convert all text and illustrations to espresso brown #3B2314, preserving high contrast and cozy coffeehouse mood."
1131w-mOTBWbhbFs0,1,Translation,"text,global","Translate all text to Spanish: replace ""Coffee TO GO"" with ""Café PARA LLEVAR""; ""MON-FRI"" with ""LUN-VIE""; ""123 ANYWHERE ST., ANY CITY"" with ""123 CALLE EN CUALQUIER LUGAR, CUALQUIER CIUDAD""."
1131w-mOTBWbhbFs0,2,2-Element Layout Swap,"layout,global","Swap the 'Coffee TO GO' headline with the illustration: move the illustration to the top center and place the headline centered just above the hours, keeping balanced spacing."
1131w-mOTBWbhbFs0,3,Global Layout Change,"layout,global","Reflow into a two-column layout: illustration full-height left; headline, hours, and address stacked on right; add wide margins; right-align the text block."
1131w-mOTBWbhbFs0,4,Object Removal,"layout,local","Remove the address line “123 ANYWHERE ST., ANY CITY”, then center the operating hours horizontally and shift them slightly downward to balance space beneath the illustration."
1131w-mOTBWbhbFs0,5,Object Addition,"layout,local","Add a small cream map-pin icon before the address line, baseline-aligned with the text, matching the line weight and style of existing illustrations."
1131w-mOTBWbhbFs0,6,Copy Expansion,"text,layout,global","Expand the “MON–FRI 07:00–20:30” line into a centered, two-line paragraph: “OPEN MON–FRI 07:00–20:30 — FRESH BREWS, QUICK BITES, FRIENDLY SERVICE, READY TO GRAB AND GO ALL DAY.”"
1131w-mOTBWbhbFs0,7,Image Replacement,"image,layout,local","Replace the four figures lifting a giant coffee cup with four hikers raising a large steaming teapot, preserving the minimalist cream silhouette style and current placement"
1131w-mOTBWbhbFs0,8,Typography Style Shift,"text,style,global","Replace the playful “Coffee” script with an uppercase tall serif, high-contrast weight, to shift the headline to an elegant tone while keeping color consistent."
1131w-mOTBWbhbFs0,9,Accent Recolor,"color,local","Recolor the ""Coffee"" script word to warm mustard #E3B23C."
1131w-mOTBWbhbFs0,10,Background Replacement,"image,color,global","Replace the solid deep forest green background with a dark espresso-brown (#2A1C16) subtle coffee-bean pattern, preserving high contrast so the cream text and illustration stay readable."
1131w-mOTBWbhbFs0,11,Hierarchy Adjustment,"layout,text,global",Enlarge and center the cup-and-people illustration to occupy most of the poster; shrink 'Coffee TO GO' to small uppercase bold below the image; keep text cream #F5E7D0.
1131w-mOTBWbhbFs0,12,Contrast & Readability Enhancement,"color,style,local",Increase contrast by lightening all cream text to #FFF1E6 and adding a soft #0F2D27 shadow to the MON–FRI hours and address lines for sharper legibility.
1131w-mOTBWbhbFs0,13,Add Secondary Text Block,"text,layout,local","Add a small sans-serif subtitle ""Brewed fresh daily"" centered beneath ""TO GO"" in warm cream #E9DBC8, with generous letter-spacing to balance space above the illustration."
1131w-mOTBWbhbFs0,14,Theme Restyling,"style,color,global","Transform to winter holiday theme: set background deep cranberry #8B1E3F, text warm gold #F2D16B; add small snowflakes around title; show the group lifting a gift-wrapped to-go cup; keep layout."
1131w-oRypOitC9EY,0,Color Palette Variation,"color,global",Replace dusty blue background (#6D92A4) and pink text (#F7B6C7) with warm cream (#FFF3E6) background and deep forest green (#184D3A) text; keep car unchanged.
1131w-oRypOitC9EY,1,Translation,"text,global","Translate all text to Spanish, updating: RETRO CAR SHOW to Exhibición de Autos Retro; Borcelle Park to Parque Borcelle; FREE ENTRY to Entrada Gratis; and other labels."
1131w-oRypOitC9EY,2,2-Element Layout Swap,"layout,global","Swap the car photo with the 'RETRO CAR SHOW' headline: place the car image on the top half and move the headline to the bottom, both centered."
1131w-oRypOitC9EY,3,Global Layout Change,"layout,global",Rebuild layout into a two-column grid: left stack all text centered-left; right use full-height car image; consolidate top perks into a header row; move address/date to a bottom footer.
1131w-oRypOitC9EY,4,Object Removal,"layout,local","Remove the three top labels “CAR SALE,” “LIVE MUSIC,” and “CAR CONTEST”; move “BORCELLE PRESENTS” up to top center and slightly increase its tracking to maintain balance."
1131w-oRypOitC9EY,5,Object Addition,"layout,local",Add a small pastel pink music note icon to the left of LIVE MUSIC at the top center to complement the label and maintain visual balance.
1131w-oRypOitC9EY,6,Copy Expansion,"text,layout,global","Expand the address/website line beneath 'Borcelle Park' to: 123 Anywhere St., Any City — Visit www.reallygreatsite.com for schedule, parking, registration, vendor info, and family activities."
1131w-oRypOitC9EY,7,Image Replacement,"image,layout,local","Replace the front-facing retro car photo with a centered vintage motorcycle front-view, maintaining the same tight bottom crop and clean blue background."
1131w-oRypOitC9EY,8,Typography Style Shift,"text,style,global","Switch the ""RETRO CAR SHOW"" headline to tall serif uppercase with high-contrast strokes, shifting the tone from playful to elegant."
1131w-oRypOitC9EY,9,Accent Recolor,"color,local",Recolor the “RETRO CAR SHOW” headline to mustard yellow #FFC857.
1131w-oRypOitC9EY,10,Background Replacement,"image,color,global","Replace the flat blue background with a retro sunset gradient from peach #FFC1A6 to dusty purple #6E5A8B, ensuring strong contrast for the pink text and car."
1131w-oRypOitC9EY,11,Hierarchy Adjustment,"layout,text,global","Scale up the car photo to fill most of the canvas, cropping sides; reduce “RETRO CAR SHOW” to medium title at top-left; lighten its color to soft pink #F6CADA."
1131w-oRypOitC9EY,12,Contrast & Readability Enhancement,"color,style,local","Change 'CAR SALE', 'LIVE MUSIC', 'CAR CONTEST', 'BORCELLE PRESENTS', location lines, and side captions ('FREE ENTRY', '08/09 6PM') from pink to white for improved contrast."
1131w-oRypOitC9EY,13,Add Secondary Text Block,"text,layout,local","Add a centered subtitle ""Featuring classics from the 60s–90s"" in small uppercase sans-serif, #F6AFC4, between ""BORCELLE PRESENTS"" and ""RETRO"" to balance top spacing."
1131w-oRypOitC9EY,14,Theme Restyling,"style,color,global","Convert to winter holiday theme: set background #0A2740, change text to gold #F5C15E and white, add small snowflake corners, and retitle headline ""Holiday Car Show"" while preserving layout."
1131w-rH9o0IzDWQY,0,Color Palette Variation,"color,global","Recolor all warm peach/yellow/tan backgrounds to a cool spa palette: soft mint #E6F7F9, seafoam #BFE8E1, deep teal #0F5C63; keep the white center and set text to dark charcoal #222."
1131w-rH9o0IzDWQY,1,Translation,"text,global","Translate ""New PRODUCT"" to Spanish ""Nuevo PRODUCTO"" and ""PREMIUM PRODUCT"" to ""PRODUCTO PREMIUM""."
1131w-rH9o0IzDWQY,2,2-Element Layout Swap,"layout,global","Swap the central “New PRODUCT” text diamond with the bottom-left pump-bottle image, centering both elements within their new frames to preserve balance."
1131w-rH9o0IzDWQY,3,Global Layout Change,"layout,global",Transform to a two-column layout: right column full-height hero image; left column vertical stack headline/subhead; move remaining images into a three-thumbnail footer row; add wide white gutters.
1131w-rH9o0IzDWQY,4,Object Removal,"layout,local","Remove the upper dropper bottle in the top-right panel and center the remaining bottle within that quadrant, keeping spacing consistent with the other images."
1131w-rH9o0IzDWQY,5,Object Addition,"layout,local","Add a small deep forest green leaf icon above “New,” centered within the white diamond to suggest natural ingredients."
1131w-rH9o0IzDWQY,6,Copy Expansion,"text,layout,global","Expand ""PREMIUM PRODUCT"" into a body paragraph: ""Premium product crafted with clean ingredients for daily care, gentle, effective, and thoughtfully packaged to elevate your routine and reveal radiant results."""
1131w-rH9o0IzDWQY,7,Image Replacement,"image,layout,local","Replace the four skincare product photos with artisanal coffee scenes—beans, drippers, mugs—preserving the quadrant layout, angles, and soft shadows, shifting backgrounds to earthy browns and deep forest green."
1131w-rH9o0IzDWQY,8,Typography Style Shift,"text,style,global","Switch ""New"", ""PRODUCT"", and ""PREMIUM PRODUCT"" to a tall serif set in uppercase with wider tracking to create an elegant, premium tone."
1131w-rH9o0IzDWQY,9,Accent Recolor,"color,local","Recolor the ""PRODUCT"" headline text to deep forest green #184D3A."
1131w-rH9o0IzDWQY,10,Background Replacement,"image,color,global",Replace the central white diamond background behind the headline with a pale mint gradient (#E8FFF4 to #D4F4EA) to refresh the mood while maintaining contrast with the dark text.
1131w-rH9o0IzDWQY,11,Hierarchy Adjustment,"layout,text,global","Enlarge the top-right droppers photo to span the center diamond and upper half, dim other photos 20% opacity, and shrink “PRODUCT” to small uppercase centered below as secondary."
1131w-rH9o0IzDWQY,12,Contrast & Readability Enhancement,"color,style,local",Change “New” script color to #1A0F0A and apply a faint drop shadow to improve legibility against the white center.
1131w-rH9o0IzDWQY,13,Add Secondary Text Block,"text,layout,local",Add a small sans-serif subtitle 'Gentle skincare for daily use' centered below 'PREMIUM PRODUCT' in #6D6D6D.
1131w-rH9o0IzDWQY,14,Theme Restyling,"style,color,global","Transform into winter holiday theme: swap background hues to forest green #184D3A and cranberry, add snowflake accents in corners, change headline to Holiday Gift Set in uppercase bold gold."
1131w-sSnAV2dB_qg,0,Color Palette Variation,"color,global","Shift palette from warm daylight to cool night: change background to charcoal #121212, recolor sunset/orange scene to teal #1BAFBF with navy shadows #0E223A, convert all typography to white."
1131w-sSnAV2dB_qg,1,Translation,"text,global","Translate all poster text to Spanish: ""AGENT"" to ""AGENTE"" and ""A FILM BY NEIL TRAN"" to ""UNA PELÍCULA DE NEIL TRAN""; keep actor names unchanged."
1131w-sSnAV2dB_qg,2,2-Element Layout Swap,"layout,global","Swap the 'AGENT' title block with the agent portrait: move the title to bottom-center, and raise the portrait to top-center, keeping both centered for balance."
1131w-sSnAV2dB_qg,3,Global Layout Change,"layout,global","Switch to a left-aligned two-column layout: move hero image to right column full-bleed, stack title/director/cast vertically in left column with generous spacing and expanded top/bottom margins."
1131w-sSnAV2dB_qg,4,Object Removal,"layout,local",Remove the “A FILM BY NEIL TRAN” line; shift the cast names upward to sit directly beneath “AGENT” with even vertical spacing and centered alignment.
1131w-sSnAV2dB_qg,5,Object Addition,"layout,local","Add a small dark-gray target reticle icon in the upper-right negative space, sized subtly to complement the title and balance the subject’s fragmented right side."
1131w-sSnAV2dB_qg,6,Copy Expansion,"text,layout,global","Expand ""A FILM BY NEIL TRAN"" to ""A FILM BY NEIL TRAN — A TAUT THRILLER OF LOYALTY AND BETRAYAL""; keep uppercase sans-serif, centered under title, allow wrapping."
1131w-sSnAV2dB_qg,7,Image Replacement,"image,layout,local","Replace the suited male portrait with a hooded female hacker profile, maintaining the double-exposure effect using a neon-lit cyberpunk cityscape dissolving into digital fragments."
1131w-sSnAV2dB_qg,8,Typography Style Shift,"text,style,global","Convert “AGENT” to a tall serif uppercase with increased tracking for a refined, elegant tone."
1131w-sSnAV2dB_qg,9,Accent Recolor,"color,local",Recolor the “AGENT” title to burnt orange #D97706 to harmonize with the city glow.
1131w-sSnAV2dB_qg,10,Background Replacement,"image,color,global","Replace the light cloud background with a deep midnight-blue gradient with faint bokeh lights, maintaining high contrast so the agent and orange skyline overlay remain crisp and legible."
1131w-sSnAV2dB_qg,11,Hierarchy Adjustment,"layout,text,global","Enlarge the agent-city composite to occupy most of the poster and boost its contrast; reduce 'AGENT' to medium and push it to the top margin, making the image dominant."
1131w-sSnAV2dB_qg,12,Contrast & Readability Enhancement,"color,style,local",Add a soft charcoal #222222 shadow to the subtitle and cast lines to increase contrast against the light sky background.
1131w-sSnAV2dB_qg,13,Add Secondary Text Block,"text,layout,local","Add a small uppercase sans-serif subtitle ""TRUST NO ONE"" centered between the cast line and the character’s head, in deep charcoal #2B2B2B, to fill the white gap."
1131w-sSnAV2dB_qg,14,Theme Restyling,"style,color,global","Restyle to a winter holiday theme: replace background with soft snowy gradient, shift accent colors to #184D3A and #D4AF37, add small snowflake icons around the disintegration edge."
1131w-tpnRumgzO8o,0,Color Palette Variation,"color,global","Replace dominant red (#D2261E), mustard (#F2C230), and cream (#FDF0E6) with teal (#007C91) headlines, coral (#FF6F61) accents, soft mint (#E6FFF3) background, and deep navy (#0B2545) text."
1131w-tpnRumgzO8o,1,Translation,"text,global","Translate all poster text to Spanish, including ""SUMMER FOOD FEST,"" ""15-20 JUNE,"" and ""OPEN DAILY 08AM-10PM""."
1131w-tpnRumgzO8o,2,2-Element Layout Swap,"layout,global","Swap the large ""SUMMER"" headline with the burger illustration; place the burger top-center and the headline bottom-right, reflow supporting badges and date blocks to maintain visual balance."
1131w-tpnRumgzO8o,3,Global Layout Change,"layout,global","Switch to a two-column grid: left—full-height burger; right—stack headline, Food Fest ovals, date badge, and details; move top text/checkers into header; center address and hours in footer."
1131w-tpnRumgzO8o,4,Object Removal,"layout,local",Remove the top-left 'Ginyard International Co. Present' bar and the top-right checker row; shift 'SUMMER' up slightly and nudge the yellow 'FOOD' and 'FEST' ovals outward to rebalance.
1131w-tpnRumgzO8o,5,Object Addition,"layout,local","Add a small, stylized sun illustration in golden yellow (#FFC32B) peeking behind the top of the “SUM” letters, centered, to enhance the summer theme and balance the header."
1131w-tpnRumgzO8o,6,Copy Expansion,"text,layout,global","Expand the address line under “BORCELLE BEACH” into a 2–3× longer descriptive paragraph about location and access, keeping small sans-serif in red #D61C1C and centered alignment."
1131w-tpnRumgzO8o,7,Image Replacement,"image,layout,local",Replace the large burger illustration with a similarly styled red-outline ice cream sundae illustration occupying the same bottom-right area.
1131w-tpnRumgzO8o,8,Typography Style Shift,"text,style,global","Switch all headline and subhead text (SUMMER, BORCELLE BEACH, dates) to a tall serif, lighter weight, title case, to shift the tone from playful to elegant."
1131w-tpnRumgzO8o,9,Accent Recolor,"color,local",Recolor the large “SUMMER” headline from red to burnt orange #E65100.
1131w-tpnRumgzO8o,10,Background Replacement,"image,color,global","Replace the cream background with light aqua #EAFBFF to evoke a beach vibe, keeping strong contrast with the red headline, yellow badges, and the burger illustration."
1131w-tpnRumgzO8o,11,Hierarchy Adjustment,"layout,text,global","Enlarge the burger illustration to dominate center, reduce and shift “SUMMER” upward, and thicken the burger’s outline to deep crimson #C3000D for stronger contrast."
1131w-tpnRumgzO8o,12,Contrast & Readability Enhancement,"color,style,local","Increase contrast on the ""OPEN DAILY 08AM-10PM"" badge: change text to white and background to deep forest green #184D3A, keeping the red rounded border intact."
1131w-tpnRumgzO8o,13,Add Secondary Text Block,"text,layout,local","Add a small sans-serif subtitle 'Street eats, live music, and games' in #D71921 centered beneath 'SUMMER', spanning between the starburst date badge and burger illustration."
1131w-tpnRumgzO8o,14,Theme Restyling,"style,color,global","Restyle for winter holidays: switch palette to pine #184D3A, cranberry #B22222, snowy cream #FFF8E6; change 'SUMMER' to 'WINTER', 'Food/Fest' to 'Holiday Feast'; replace burger with steaming cocoa; add snowflake accents."
1131w-w-XME4y3KWk,0,Color Palette Variation,"color,global","Recolor globally: replace cream/beige background with pastel mint #DDF6EE, change black text to deep forest green #184D3A, and shift caramel/cup browns to soft coral #FF6F61, preserving whites."
1131w-w-XME4y3KWk,1,Translation,"text,global",Translate all text to Spanish; change headline to '¡La promo dulce ya está aquí!' and CTA to 'Disfruta 40% de descuento; Válido hasta 20 de mayo de 2029.'
1131w-w-XME4y3KWk,2,2-Element Layout Swap,"layout,global","Swap the large headline with the ice cream cup: move the cup left and right-align the headline, keeping the 40% badge adjacent to the cup."
1131w-w-XME4y3KWk,3,Global Layout Change,"layout,global","Switch to a two-column grid: left full-bleed image, right stacked all text blocks; add a top header for the logo; center-combine footer details; increase outer margins and gutters."
1131w-w-XME4y3KWk,4,Object Removal,"layout,local",Remove the scattered nuts at the bottom; move the bottom-left caption to align with the address baseline and nudge the discount circle slightly left to balance the lower area.
1131w-w-XME4y3KWk,5,Object Addition,"layout,local","Add a small black-and-white QR code above the address in the bottom-right corner, linking to the menu, with a tiny sans-serif caption “Scan to Order” beneath."
1131w-w-XME4y3KWk,6,Copy Expansion,"text,layout,global","Expand the ""Vanilla Ice Cream"" description to: Each creamy scoop bursts with rich, velvety flavor, made from real vanilla beans for a smooth taste that lingers and pairs beautifully."
1131w-w-XME4y3KWk,7,Image Replacement,"image,layout,local","Replace the vanilla ice cream cup with caramel drizzle with a hot chocolate in a kraft cup topped with whipped cream and chocolate sauce, keeping composition and placement similar."
1131w-w-XME4y3KWk,8,Typography Style Shift,"text,style,global","Switch the “Sweet Promo Is Here!” headline to uppercase bold sans-serif with slightly tighter tracking for a modern, energetic tone."
1131w-w-XME4y3KWk,9,Accent Recolor,"color,local",Recolor the “40%” numerals in the circular badge to caramel orange #CC6A2F.
1131w-w-XME4y3KWk,10,Background Replacement,"image,color,global","Replace the beige background with a soft pastel sky-blue gradient (#EAF6FF–#B9E0FF), keeping edges clean and light to maintain high contrast around the text and ice cream."
1131w-w-XME4y3KWk,11,Hierarchy Adjustment,"layout,text,global","Enlarge the “Enjoy 40% Discount” circle to dominate (about 2x), center it above the cup, and downsize the “Sweet Promo Is Here!” headline to small, #666666."
1131w-w-XME4y3KWk,12,Contrast & Readability Enhancement,"color,style,local",Darken the “Valid until 20 May 2029” text to #1A1A1A and make it medium-weight to improve readability on the white circle.
1131w-w-XME4y3KWk,13,Add Secondary Text Block,"text,layout,local","Add a small sans-serif subtitle beneath “Sweet Promo Is Here!” reading “Indulge in rich, velvety scoops today,” left-aligned, color #C76A2A, to fill left spacing."
1131w-w-XME4y3KWk,14,Theme Restyling,"style,color,global","Restyle to winter holiday: set background snowy white #F5FBFF, replace caramel with red peppermint drizzle, add small snowflakes, change title to 'Holiday Treats Are Here!' in uppercase bold."
1131w-w2bliFOwlfc,0,Color Palette Variation,"color,global","Replace the red-and-cream palette: set background deep navy #0E1B2E, recolor phone and headlines seafoam #23C7B2, and change all body text/accents to warm ivory #FFEEDD."
1131w-w2bliFOwlfc,1,Translation,"text,global","Translate all copy to Spanish; change the headline to ""así que... Llámame, ¿por favor?"" keeping existing typography and layout."
1131w-w2bliFOwlfc,2,2-Element Layout Swap,"layout,global","Swap the centered red phone image with the large “Please?” headline; move “Please?” to center mid and place the phone at bottom center, preserving balance."
1131w-w2bliFOwlfc,3,Global Layout Change,"layout,global","Rebuild into a split layout: place the phone full-height left, center the headline top-right, flow remaining copy into two columns beneath, and align accents into a unified bottom footer."
1131w-w2bliFOwlfc,4,Object Removal,"layout,local","Remove the small red starburst left of the phone; shift the phone slightly left and enlarge it a touch, then center-align “Please?” to maintain balance."
1131w-w2bliFOwlfc,5,Object Addition,"layout,local","Add a small ringing icon—three curved lines—in tomato red (#D24134) above the phone’s upper-right, aligning with the handset to balance the left starburst."
1131w-w2bliFOwlfc,6,Copy Expansion,"text,layout,global","Expand the top-right caption into a three-sentence paragraph 2–3× longer, evoking the dial’s click, weight, and shared moments; keep nostalgic tone, tall serif body style, right alignment, and spacing."
1131w-w2bliFOwlfc,7,Image Replacement,"image,layout,local","Replace the central red rotary phone with a mid-century teal portable radio in the same perspective and scale, keeping the nostalgic mood but shifting theme to vintage music."
1131w-w2bliFOwlfc,8,Typography Style Shift,"text,style,global","Switch all headline text to uppercase bold sans-serif for a modern, assertive tone."
1131w-w2bliFOwlfc,9,Accent Recolor,"color,local",Change the “Call Me” headline color to deep forest green (#184D3A).
1131w-w2bliFOwlfc,10,Background Replacement,"image,color,global","Replace the pale pink background with a muted retro teal (#0F6D6D) to evoke vintage contrast, keeping the red rotary phone and all text crisp and legible."
1131w-w2bliFOwlfc,11,Hierarchy Adjustment,"layout,text,global","Make the red telephone the main focal point by scaling it up 140%, centering it higher, and reduce ""sooo... Call Me"" and ""Please?"" to smaller muted #CFA59A text."
1131w-w2bliFOwlfc,12,Contrast & Readability Enhancement,"color,style,local",Set all small serif copy (top-right and bottom paragraphs) to deep charcoal (#2A2A2A) to improve contrast on the pale pink background.
1131w-w2bliFOwlfc,13,Add Secondary Text Block,"text,layout,local","Add a small sans-serif subtitle “Vintage vibes, real conversations.” in warm charcoal (#3A2F2B), right-aligned directly below the top-right blurb to balance the composition."
1131w-w2bliFOwlfc,14,Theme Restyling,"style,color,global","Restyle for Christmas: change background to deep forest green (#184D3A), make headline/subheads white and body text gold, add small gold snowflakes in corners, preserve layout and red phone."
1131w-xPTl82ZC-e4,0,Color Palette Variation,"color,global","Replace the dark green background with warm cream (#FFF5E6), change salmon-pink text and photo tint to midnight blue (#0D1B2A), and use muted mustard (#D4A373) for accents."
1131w-xPTl82ZC-e4,1,Translation,"text,global","Translate the headline 'Movie Night' to Spanish as 'Noche de Cine' and 'FREE ENTRY' to 'Entrada Gratis', preserving layout, colors, and existing typography."
1131w-xPTl82ZC-e4,2,2-Element Layout Swap,"layout,global","Swap positions of the ""Movie NIGHT"" headline and the popcorn woman image: move the image to top-center and place the headline bottom-center, maintaining balanced left/right details."
1131w-xPTl82ZC-e4,3,Global Layout Change,"layout,global","Reflow into two-column layout: full-height image left; right column stacks title, date/time, and FREE ENTRY; move social handles to bottom center; add generous margins and equal vertical spacing."
1131w-xPTl82ZC-e4,4,Object Removal,"layout,local","Remove both @reallygreatsite handles; move ""08/09 10 PM"" and ""FREE ENTRY"" upward to align with the baseline of ""NIGHT"", and slightly enlarge them to maintain visual balance."
1131w-xPTl82ZC-e4,5,Object Addition,"layout,local","Add a small salmon-pink ticket stub icon to the right of “FREE ENTRY,” vertically center-aligned with the text to balance the layout."
1131w-xPTl82ZC-e4,6,Copy Expansion,"text,layout,global","Expand 'FREE ENTRY' into a body paragraph: 'Free entry for everyone—arrive early for seats, enjoy complimentary popcorn, classic vibes, and trivia giveaways; bring friends and tag @reallygreatsite for surprises.'"
1131w-xPTl82ZC-e4,7,Image Replacement,"image,layout,local","Replace the central vintage woman eating popcorn with a retro-styled couple on a sofa sharing popcorn, centered with similar scale, for a cozy home-movie-night mood."
1131w-xPTl82ZC-e4,8,Typography Style Shift,"text,style,global","Replace all headline and body fonts with a tall serif, using uppercase light weight, to shift the poster’s tone from playful retro to elegant classic."
1131w-xPTl82ZC-e4,9,Accent Recolor,"color,local","Recolor the ""FREE ENTRY"" text to warm gold #F4C95D, keeping all other elements unchanged."
1131w-xPTl82ZC-e4,10,Background Replacement,"image,color,global","Replace the flat dark green background with a deep navy (#0B1D3A) starry night sky, keeping stars subtle so the pink ""Movie Night"" title and subject remain clearly legible."
1131w-xPTl82ZC-e4,11,Hierarchy Adjustment,"layout,text,global","Make the popcorn photo the main focus: enlarge it to dominate the canvas and center it, then shrink “Movie NIGHT” to a small uppercase subheading aligned bottom-right."
1131w-xPTl82ZC-e4,12,Contrast & Readability Enhancement,"color,style,local",Add a thin deep forest green stroke around the “Movie” script to separate it from the pink “NIGHT” and improve readability.
1131w-xPTl82ZC-e4,13,Add Secondary Text Block,"text,layout,local","Add a small sans-serif subtitle ""Classic comedy under the stars"" centered below ""Movie NIGHT"", color #F5A7A7, with slight letter-spacing to balance top whitespace."
1131w-xPTl82ZC-e4,14,Theme Restyling,"style,color,global","Convert to Halloween theme: change background to deep black #0B0B0B, recolor all text pumpkin orange #FF7A00, add small bat and cobweb accents near the title, keep layout unchanged."
1131w-zau150HLMWk,0,Color Palette Variation,"color,global","Recolor all navy graphics and text to deep coral #E2554C, and change the gray striped background to warm cream #FFF3E0 with sand stripes #E6D6BC for a sunny coastal palette."
1131w-zau150HLMWk,1,Translation,"text,global","Translate the top and bottom text to Spanish: “Eres mi” (top) and “langosta” (bottom), keeping the existing blue color and cursive style."
1131w-zau150HLMWk,2,2-Element Layout Swap,"layout,global",Swap the central lobster illustration with the “You’re my” headline: move the illustration to the top center and place the headline centered where the illustration sits to maintain balance.
1131w-zau150HLMWk,3,Global Layout Change,"layout,global",Transform into a two-column layout: left column full-height lobster illustration; right column vertically centered stacked text; increase outer padding; replace striped background with solid white.
1131w-zau150HLMWk,4,Object Removal,"layout,local","Remove the dotted oval border; slightly enlarge and center the lobster illustration, keeping the top ""You're my"" and bottom ""lobster"" aligned with equal vertical margins."
1131w-zau150HLMWk,5,Object Addition,"layout,local","Add a small #D32F2F heart icon centered between ""You're my"" and the oval illustration, scaled to match the stroke weight and aligned with the overall vertical axis."
1131w-zau150HLMWk,6,Copy Expansion,"text,layout,global","Expand the top “You’re my” text into: “You’re my lobster—my constant companion, the one who stays through every tide and season, steady, sweet, and always by my side.”"
1131w-zau150HLMWk,7,Image Replacement,"image,layout,local",Replace the central blue lobster sketch in the oval medallion with a similarly styled blue sunflower illustration centered within the same oval frame.
1131w-zau150HLMWk,8,Typography Style Shift,"text,style,global",Switch both text lines from cursive to uppercase tall serif with light weight and generous letter-spacing to create an elegant tone.
1131w-zau150HLMWk,9,Accent Recolor,"color,local",Recolor the bottom “lobster” text to deep coral #E24D42 to boost emphasis while leaving the rest blue.
1131w-zau150HLMWk,10,Background Replacement,"image,color,global","Replace the striped background with a warm cream (#F5EBD2) vintage nautical chart texture, lightly faded, ensuring the blue lobster illustration and script stay highly legible."
1131w-zau150HLMWk,11,Hierarchy Adjustment,"layout,text,global","Enlarge ""You're my"" to a huge bold sans-serif title, center it, set color #0B2D6D, and shrink the lobster illustration 40% to make the headline the dominant focal point."
1131w-zau150HLMWk,12,Contrast & Readability Enhancement,"color,style,local",Darken both “You’re my” and “lobster” text to #0F3A82 and add a soft black drop shadow to enhance contrast against the light striped background.
1131w-zau150HLMWk,13,Add Secondary Text Block,"text,layout,local","Add a small uppercase sans-serif subtitle ""Always & forever"" centered below ""lobster"", in #1E4DA3, with generous letter-spacing to balance the bottom margin."
1131w-zau150HLMWk,14,Theme Restyling,"style,color,global","Convert to Christmas theme: change palette to pine green #184D3A and cranberry #B20D30, swap lobster for snowflake within oval, recolor text cranberry, update bottom word to 'snowflake', preserve layout."
1131w-zsrhBwj_J58,0,Color Palette Variation,"color,global","Recolor the palette: change all greens to burnt orange (#D96B00), switch black text to deep charcoal (#222222), and replace the gray background with warm cream (#FFF3E0) for retro warmth."
1131w-zsrhBwj_J58,1,Translation,"text,global","Translate all poster text to Spanish; replace ""RETRO REWIND"" with ""REBOBINADO RETRO"" and ""BIGGEST THRIFT BAZAAR IN TOWN"" with ""EL BAZAR DE SEGUNDA MANO MÁS GRANDE DE LA CIUDAD""."
1131w-zsrhBwj_J58,2,2-Element Layout Swap,"layout,global","Swap positions of the ""RETRO REWIND"" headline and the green draped figure: place the figure at the top and center the headline mid-poster, preserving margins and hierarchy."
1131w-zsrhBwj_J58,3,Global Layout Change,"layout,global","Rebuild using a two-column split: left half full-bleed statue image; right half stacked—title, tagline, date/location, description, website; add wide top/bottom margins and consistent gutters."
1131w-zsrhBwj_J58,4,Object Removal,"layout,local",Remove the 'date of event' and 'event's location' labels and the thin divider line; move the date and location blocks slightly upward to maintain balance beneath the subhead.
1131w-zsrhBwj_J58,5,Object Addition,"layout,local","Add a small deep forest green map-pin icon left of “BORCELLE EXPO CENTER,” vertically centered with the text to emphasize location."
1131w-zsrhBwj_J58,6,Copy Expansion,"text,layout,global","Expand the bottom body copy into a 2–3× longer paragraph, matching tone, mentioning vintage fashion, home décor, workshops, and exclusive deals; keep centered alignment and space above the website."
1131w-zsrhBwj_J58,7,Image Replacement,"image,layout,local","Replace the green textured coat with a centrally placed retro boombox in solid #2E8B57, matching scale, crop, and position to preserve composition."
1131w-zsrhBwj_J58,8,Typography Style Shift,"text,style,global","Switch all headings to a tall serif, light weight, title case to transform the tone from bold retro to elegant."
1131w-zsrhBwj_J58,9,Accent Recolor,"color,local","Recolor the ""RETRO REWIND"" headline to deep mustard gold #D8A32A."
1131w-zsrhBwj_J58,10,Background Replacement,"image,color,global","Replace the gray paper texture with a warm cream (#FFF3E0) background featuring a faint retro grid pattern, ensuring high contrast for the green garment and all black text."
1131w-zsrhBwj_J58,11,Hierarchy Adjustment,"layout,text,global",Scale up the green garment image to fill the upper two-thirds; move “RETRO REWIND” below the subheading at medium title size and recolor to #7A7A7A.
1131w-zsrhBwj_J58,12,Contrast & Readability Enhancement,"color,style,local","Add a soft off-white (#F7F7F7) translucent panel behind the bottom paragraph and URL to boost legibility over the green fabric, preserving current text color."
1131w-zsrhBwj_J58,13,Add Secondary Text Block,"text,layout,local","Insert a small uppercase sans-serif subtitle “FREE ENTRY • 10AM–8PM DAILY” centered between the date and location blocks, just below the divider line, in deep forest green."
1131w-zsrhBwj_J58,14,Theme Restyling,"style,color,global",Restyle for winter holidays: replace green cloth statue with knitted red scarf at bottom; switch palette to crimson #B11226 and gold #D4AF37; add subtle snowflake background; preserve layout.
1135w-537M02wjfK8,0,Color Palette Variation,"color,global","Replace the white background, deep green typography, and gold frame with deep navy #0B1F32 background, ivory #F5F1E9 text, silver #C0C5CE frame, and recolor florals to muted lavender-blush tones."
1135w-537M02wjfK8,1,Translation,"text,global","Translate text to Spanish: “OLIVIA Y DANIEL”; “JUNTO CON SUS FAMILIAS TE INVITAN A SU BODA”; “20.10.2029 | 14:00”; “CALLE ANYWHERE 123, CUALQUIER CIUDAD, ST 12345”; “¡Recepción a continuación!”"
1135w-537M02wjfK8,2,2-Element Layout Swap,"layout,global","Swap the 'OLIVIA & DANIEL' headline with the '20.10.2029 | 2 PM' line, placing the date/time at the top center and the names lower-center, keeping other text vertically spaced."
1135w-537M02wjfK8,3,Global Layout Change,"layout,global",Switch to a two-column layout: left—names; right—details stacked; replace arch with clean rectangular border; push florals to outer corners as full-bleed frame; increase overall margins for airy spacing.
1135w-537M02wjfK8,4,Object Removal,"layout,local",Remove the faint gray botanical background silhouettes; recenter the text stack within the gold arch and slightly tighten vertical spacing to maintain balance.
1135w-537M02wjfK8,5,Object Addition,"layout,local",Add a small gold intertwined rings icon above “Reception to follow!” at the bottom center to balance the floral corners.
1135w-537M02wjfK8,6,Copy Expansion,"text,layout,global","Expand the subheading to: “Together with their families, Olivia and Daniel invite you to celebrate their marriage at a joyful ceremony and warm gathering of love.”"
1135w-537M02wjfK8,7,Image Replacement,"image,layout,local","Replace the white rose and eucalyptus floral illustrations surrounding the frame with winter-themed elements—pine branches, holly, and snow-dusted greenery—while retaining the gold arch composition."
1135w-537M02wjfK8,8,Typography Style Shift,"text,style,global",Switch all body and date/address text to tall serif regular in sentence case while keeping deep forest green.
1135w-537M02wjfK8,9,Accent Recolor,"color,local",Recolor the gold arch border to deep forest green #184D3A.
1135w-537M02wjfK8,10,Background Replacement,"image,color,global","Replace the current background with a muted sage watercolor wash (#DCE7DF) outside the gold frame, keeping the inside panel clean white for legibility."
1135w-537M02wjfK8,11,Hierarchy Adjustment,"layout,text,global","Enlarge the ""20.10.2029 | 2 PM"" to title size, center it prominently, use uppercase bold #184D3A, and reduce ""OLIVIA & DANIEL"" to smaller subheading below."
1135w-537M02wjfK8,12,Contrast & Readability Enhancement,"color,style,local","Apply a subtle white overlay within the arch behind all text to mute the pale leaf illustrations, boosting contrast for the small body copy and “Reception to follow!” line."
1135w-537M02wjfK8,13,Add Secondary Text Block,"text,layout,local","Insert a small italic sans-serif subtitle ""A celebration of love"" centered below ""OLIVIA & DANIEL"", color deep forest green #184D3A, to balance spacing before the invitation paragraph."
1135w-537M02wjfK8,14,Theme Restyling,"style,color,global","Restyle to winter holiday: swap white roses and eucalyptus with holly, pine, and white poinsettias; keep gold frame; change text to deep forest green #184D3A; add faint snowflake background."
1135w-e1BT38mksX0,0,Color Palette Variation,"color,global",Switch to dark palette: background midnight purple #1B1029; replace orange accents with acid green #7CFF00; set text ivory #FFFFF0; keep black graphics and the white ghost.
1135w-e1BT38mksX0,1,Translation,"text,global","Translate all text to Spanish: “ESTÁS INVITADO”, “Fiesta de Halloween”, “31 de octubre de 2023”, “Comienza a las 9 p. m.”, and localize the address while preserving layout."
1135w-e1BT38mksX0,2,2-Element Layout Swap,"layout,global","Swap the ghost-and-pumpkin illustration with the event details block, moving the illustration to lower-right and the details to lower-left, aligning both vertically and preserving equal side margins."
1135w-e1BT38mksX0,3,Global Layout Change,"layout,global","Convert to a two-column layout: full-width header with bunting and title, left column for ghost illustration, right column for date/location, full-width footer for website; center align and equalize margins."
1135w-e1BT38mksX0,4,Object Removal,"layout,local","Remove the black bottle at bottom-right; shift the date/time and address text rightward to fill that area, and nudge the ghost-pumpkin group slightly right to rebalance the layout."
1135w-e1BT38mksX0,5,Object Addition,"layout,local","Add a small pumpkin-orange clock icon to the left of “Start At 9 Pm,” aligned center-height with the text to enhance balance."
1135w-e1BT38mksX0,6,Copy Expansion,"text,layout,global","Expand the address text to: ""123 Anywhere St., Any City, ST 12345 — look for jack-o’-lanterns; limited street parking near the corner; follow signs to the courtyard gate."""
1135w-e1BT38mksX0,7,Image Replacement,"image,layout,local","Replace the central ghost sipping drink and pumpkin with a cozy snowman holding hot cocoa; swap the Halloween garland and bats for snowflakes, pine garland, and soft blue accents."
1135w-e1BT38mksX0,8,Typography Style Shift,"text,style,global",Switch “HALLOWEEN” to uppercase tall serif and “Party” to italic serif to shift the vibe from playful to elegant.
1135w-e1BT38mksX0,9,Accent Recolor,"color,local",Recolor the orange date/time text block to vivid purple #7B3FF2.
1135w-e1BT38mksX0,10,Background Replacement,"image,color,global","Replace the white background with a #0D0B1E–#2B1A45 midnight gradient featuring subtle fog and tiny stars, maintaining high contrast so all text and Halloween graphics remain legible."
1135w-e1BT38mksX0,11,Hierarchy Adjustment,"layout,text,global","Make event date/time the focal point: center it near the top in huge uppercase bold pumpkin orange (#F47A1F); reduce ""HALLOWEEN Party"" to medium below and slightly shrink the ghost."
1135w-e1BT38mksX0,12,Contrast & Readability Enhancement,"color,style,local","Change the 'October 31, 2023' and 'Start At 9 Pm' text color to deep burnt orange #C24A06 to boost readability on white."
1135w-e1BT38mksX0,13,Add Secondary Text Block,"text,layout,local","Add a small, uppercase sans-serif subtitle 'Costumes encouraged • Spooky snacks & games' centered beneath 'Party' in #FF8C00, tracking slightly wide."
1135w-e1BT38mksX0,14,Theme Restyling,"style,color,global","Convert to winter holiday theme: change palette to deep forest green, crimson, and icy blue; replace Halloween graphics with snowflakes, ornaments, and a snowman; change title to 'Holiday Party'."
1143w-6-Ht1iOh8uw,0,Color Palette Variation,"color,global","Recolor the palette: replace red with royal blue (#1E3A8A), black with gold (#F5B301), set background to soft ivory (#FFF8E1), and change all text/lines to deep navy (#0B1530)."
1143w-6-Ht1iOh8uw,1,Translation,"text,global","Translate all visible text to Spanish: 'Estás invitado a', 'Fiesta de cumpleaños', 'Lunes', 'Octubre 23', 'a las 10 p. m.', 'Calle Anywhere 123, Cualquier Ciudad, ST 12345'."
1143w-6-Ht1iOh8uw,2,2-Element Layout Swap,"layout,global","Swap the Birthday Party headline with the MONDAY OCTOBER 23 AT 10 PM date block; keep centered, placing the date under the bunting and the headline above the address."
1143w-6-Ht1iOh8uw,3,Global Layout Change,"layout,global","Rebuild into a two-column layout: left column full-height imagery (banners, balloons, gifts); right column vertically stacked text blocks, top-aligned, with generous margins and consistent left alignment."
1143w-6-Ht1iOh8uw,4,Object Removal,"layout,local","Remove the top bunting flags; raise the side balloons slightly and vertically center the ""Birthday Party"" title to keep the layout balanced."
1143w-6-Ht1iOh8uw,5,Object Addition,"layout,local",Add a small red-and-black birthday cake icon centered between the 'Birthday Party' title and the 'MONDAY' line to fill whitespace and balance the layout.
1143w-6-Ht1iOh8uw,6,Copy Expansion,"text,layout,global","Expand the address line into a centered sans-serif body paragraph 2–3× longer with venue description, parking info, and brief directions, keeping balanced spacing below the date/time."
1143w-6-Ht1iOh8uw,7,Image Replacement,"image,layout,local","Replace red/black balloons, bunting, and gift boxes with pastel floral balloons, spring bunting, and floral-wrapped presents for a garden tea party, keeping layout and spacing unchanged."
1143w-6-Ht1iOh8uw,8,Typography Style Shift,"text,style,global","Replace all text with a tall serif, using light weight and title case throughout, to shift the tone from playful to elegant."
1143w-6-Ht1iOh8uw,9,Accent Recolor,"color,local",Recolor the central bold “23” date to vibrant red #E31C1C.
1143w-6-Ht1iOh8uw,10,Background Replacement,"image,color,global","Replace the current white background with a deep navy confetti backdrop to create a festive night vibe, ensuring all text, balloons, and gifts remain clearly legible."
1143w-6-Ht1iOh8uw,11,Hierarchy Adjustment,"layout,text,global",Make the '23' the main focal point: enlarge to huge bold in #E21C2B and center it; shrink 'Birthday Party' to medium light gray positioned above the date.
1143w-6-Ht1iOh8uw,12,Contrast & Readability Enhancement,"color,style,local",Add a thin white outline to the “Birthday Party” headline to boost contrast against adjacent dark balloons and maintain legibility.
1143w-6-Ht1iOh8uw,13,Add Secondary Text Block,"text,layout,local","Insert a small sans-serif subtitle “Join us for cake, music, and fun!” centered between “Birthday Party” and “MONDAY” in charcoal #333 to balance spacing."
1143w-6-Ht1iOh8uw,14,Theme Restyling,"style,color,global","Restyle for Christmas: replace balloons with snowflakes, bunting with pine garland, recolor accents to deep forest green #184D3A and gold #D4AF37, keep structure and typography."
1143w-ugSBoa9VtEw,0,Color Palette Variation,"color,global",Replace lavender/purple with soft mint/teal: background gradient #F2FFF8–#D8F6EA; titles deep forest green #184D3A; buttons/badge teal #1F6F68 with white text; accents sage #7FBFA4; recolor product bands.
1143w-ugSBoa9VtEw,1,Translation,"text,global","Translate all visible text to Spanish: 'Natural Skincare'→'Cuidado de la Piel Natural', 'Explore...' paragraph accordingly, '25% OFF'→'25% DE DESCUENTO', 'SHOP NOW'→'COMPRA AHORA'."
1143w-ugSBoa9VtEw,2,2-Element Layout Swap,"layout,global","Swap the central product tube with the “Natural Skincare” headline: move the tube to top-center and shift the headline to mid-lower center, maintaining centered alignment."
1143w-ugSBoa9VtEw,3,Global Layout Change,"layout,global","Rearrange to split-screen: left 40% vertical stack—logo, headline, subhead, CTA; right 60% product pedestal; place discount badge top-right; move contact/social to centered footer bar."
1143w-ugSBoa9VtEw,4,Object Removal,"layout,local","Remove the small “Larana, inc.” text at the top; move “Natural Skincare” upward slightly to occupy the freed space and maintain visual balance."
1143w-ugSBoa9VtEw,5,Object Addition,"layout,local","Add a small lavender sprig illustration in the top-right corner, using soft lilac and deep plum strokes to match the palette, sized subtle to balance the 25% badge."
1143w-ugSBoa9VtEw,6,Copy Expansion,"text,layout,global","Expand the subheading sentence under “Natural Skincare” to 2–3× length, adding details on gentle botanicals, hydration, and sensitive-skin benefits while preserving friendly tone, centered alignment, and balanced line breaks."
1143w-ugSBoa9VtEw,7,Image Replacement,"image,layout,local",Replace the purple skincare tube on the pedestal and lilac silk background with a green aloe gel bottle on the pedestal and textured deep forest green linen background.
1143w-ugSBoa9VtEw,8,Typography Style Shift,"text,style,global","Switch all typography to a clean sans-serif—headline uppercase bold with wide tracking, subhead and body regular—to shift the tone from soft romantic to modern clinical."
1143w-ugSBoa9VtEw,9,Accent Recolor,"color,local",Recolor the “SHOP NOW” button background to #F2C94C.
1143w-ugSBoa9VtEw,10,Background Replacement,"image,color,global","Replace the purple satin background with a minimalist off-white (#FAF7F2) to pale beige (#EDE3D6) gradient to create a clean spa mood, keeping product and text clearly legible."
1143w-ugSBoa9VtEw,11,Hierarchy Adjustment,"layout,text,global",Enlarge the product tube 35% and center; shrink “Natural Skincare” to title size above the tube in lighter lavender #C9A3D8 to shift dominance to the product.
1143w-ugSBoa9VtEw,12,Contrast & Readability Enhancement,"color,style,local","Apply a soft translucent eggplant (#4B2A67) gradient overlay across the top third to boost contrast for “Larana, inc.” and the white subheading paragraph without shifting layout."
1143w-ugSBoa9VtEw,13,Add Secondary Text Block,"text,layout,local","Add a small uppercase bold label 'NEW BOTANICAL FORMULA' in #FFFFFF at the top-right corner, right-aligned, to balance the layout."
1143w-ugSBoa9VtEw,14,Theme Restyling,"style,color,global",Restyle for winter holidays: use snow-white background with subtle snowflakes; set accents deep forest green #184D3A and gold #D4AF37; swap 25% circle for snowflake; change title to 'Winter Skincare'.
1200w-taPfkpk_5cE,0,Color Palette Variation,"color,global","Switch to a warm cream background (#FFF4E6), convert headings to deep forest green (#184D3A), body text to charcoal (#333), and recolor illustrations with muted earth tones and teal accents."
1200w-taPfkpk_5cE,1,Translation,"text,global","Translate all text to Spanish, changing ""WELCOME TO OUR BOOK CLUB"" to ""BIENVENIDOS A NUESTRO CLUB DE LECTURA"" and replacing the body copy with its fluent Spanish equivalent."
1200w-taPfkpk_5cE,2,2-Element Layout Swap,"layout,global","Swap the large ""BOOK CLUB"" title with the body paragraph, moving the paragraph under ""WELCOME TO OUR"" and centering the title just above the bottom row of illustrations."
1200w-taPfkpk_5cE,3,Global Layout Change,"layout,global","Switch to a three-part layout: top full-width title banner, middle two-column section (left body text, right illustrations), bottom centered footer with contact details; apply generous margins and consistent gutters."
1200w-taPfkpk_5cE,4,Object Removal,"layout,local",Remove the pink looping cords and the bottom-center floating books; nudge the paragraph text up and distribute remaining books evenly around the headline to maintain balance.
1200w-taPfkpk_5cE,5,Object Addition,"layout,local","Add a small rose-pink #E86AA6 location pin icon to the left of the address line, aligned with the body text baseline to balance the lower section."
1200w-taPfkpk_5cE,6,Copy Expansion,"text,layout,global","Expand the bottom body copy to 2–3× length, adding details about discussions, recommendations, author spotlights, and welcoming meetups while preserving friendly tone and keeping the address line intact."
1200w-taPfkpk_5cE,7,Image Replacement,"image,layout,local","Swap the primary reader-and-book illustrations for similarly arranged gardening visuals: people tending plants, watering cans, seed packets, and potted herbs, retaining the pink background and composition."
1200w-taPfkpk_5cE,8,Typography Style Shift,"text,style,global","Replace all headline and body fonts with a tall serif; set ""BOOK CLUB"" in uppercase semi-bold with tighter tracking for a more elegant tone."
1200w-taPfkpk_5cE,9,Accent Recolor,"color,local","Recolor the large ""BOOK CLUB"" title to deep forest green (#184D3A)."
1200w-taPfkpk_5cE,10,Background Replacement,"image,color,global","Replace the pink background with soft cream (#FFF4E6) paper texture, creating a cozy bookish mood, and ensure all purple headings and colorful illustrations remain high-contrast and legible."
1200w-taPfkpk_5cE,11,Hierarchy Adjustment,"layout,text,global","Make the event description paragraph the focal point: enlarge to title size, center it, set text deep forest green, and reduce “BOOK CLUB” to smaller, lighter pink below."
1200w-taPfkpk_5cE,12,Contrast & Readability Enhancement,"color,style,local","Recolor ""WELCOME TO OUR"" and the body paragraph to deep plum #3B1A5A for stronger contrast, and add a soft dark shadow to ""BOOK CLUB"" on the pink background."
1200w-taPfkpk_5cE,13,Add Secondary Text Block,"text,layout,local","Add a small uppercase sans-serif subtitle 'New members welcome' in rich plum (#7E3F98), centered between 'WELCOME TO OUR' and 'BOOK CLUB' to rebalance spacing."
1200w-taPfkpk_5cE,14,Theme Restyling,"style,color,global","Restyle for festive winter: change background to midnight navy #0B1C3D, text to snow #FFFFFF, accents to holly #1B5E20 and berry #C62828, replace book doodles with snowflakes and gift-wrapped books."
1236w-JT1Z7rx2PuU,0,Color Palette Variation,"color,global","Switch background to soft ivory #FAF7EF, change all text to charcoal #1A1A1A, recolor the orange botanical to bold cobalt #255DFF; keep whitespace and contrast for readability."
1236w-JT1Z7rx2PuU,1,Translation,"text,global","Translate all copy to Spanish, replacing “Grand Opening” with “Gran Apertura,” keeping @reallygreatsite and the URL unchanged, and preserving layout and typographic hierarchy."
1236w-JT1Z7rx2PuU,2,2-Element Layout Swap,"layout,global","Swap positions of “Grand Opening” headline and orange floral illustration: move headline to bottom center above details; place floral graphic at top center, preserving central alignment."
1236w-JT1Z7rx2PuU,3,Global Layout Change,"layout,global","Rebuild into two columns: left stacks all text, right showcases the orange artwork; add a full-width bottom bar for metadata and website; place the headline as a top banner."
1236w-JT1Z7rx2PuU,4,Object Removal,"layout,local",Remove the top row metadata (“AUTUMN ’23” and “@REALLYGREATSITE”); shift “AROWWAI PRESENTS” to top center and nudge “GRAND OPENING” up slightly to rebalance.
1236w-JT1Z7rx2PuU,5,Object Addition,"layout,local","Add a small white map pin icon centered inline before the address, matching the address text height."
1236w-JT1Z7rx2PuU,6,Copy Expansion,"text,layout,global","Expand the bottom website copy into a longer body paragraph: ""Visit our website for registration, updates, parking and accessibility details, FAQs, and partner offers at www.reallygreatsite.com to plan your visit."""
1236w-JT1Z7rx2PuU,7,Image Replacement,"image,layout,local","Replace the central orange botanical stem silhouette with a similar vertical composition of a neon skyscraper silhouette in #FF5A31, maintaining placement and scale against the black background."
1236w-JT1Z7rx2PuU,8,Typography Style Shift,"text,style,global",Replace the “GRAND OPENING” brush script with an uppercase tall serif to shift the tone from playful to elegant.
1236w-JT1Z7rx2PuU,9,Accent Recolor,"color,local",Recolor the orange floral branch to deep forest green (#184D3A).
1236w-JT1Z7rx2PuU,10,Background Replacement,"image,color,global",Replace the black background with deep forest green (#184D3A) featuring a subtle grain texture to shift the mood while preserving contrast for the white lettering and orange floral graphic.
1236w-JT1Z7rx2PuU,11,Hierarchy Adjustment,"layout,text,global","Enlarge and center the orange stem to dominate; reduce ""GRAND OPENING"" to medium and move above; boost stem color to vivid #FF4A1F for primary focus."
1236w-JT1Z7rx2PuU,12,Contrast & Readability Enhancement,"color,style,local","Add a 45% opacity #000000 rectangular overlay behind the bottom event details text block to boost contrast where it overlaps the orange stem, keeping margins tight around the text."
1236w-JT1Z7rx2PuU,13,Add Secondary Text Block,"text,layout,local","Insert a small uppercase sans-serif subtitle “Free samples and door prizes” centered under “Grand Opening,” in light gray #BFBFBF, tracking slightly expanded to balance spacing."
1236w-JT1Z7rx2PuU,14,Theme Restyling,"style,color,global","Restyle for winter holidays: keep layout, set background deep navy #0A1A2F, replace orange branch with white pine sprig, change accents to red #C81D25, update AUTUMN '23 to WINTER '23."
1257w-EN_LTZdAMlw,0,Color Palette Variation,"color,global","Recolor to a twilight palette: background deep navy #0E1B2B, text warm cream #FFF3E0, pumpkins teal #6EC6C5, foliage sage #A9CDBA, accents muted gold #C7A23A."
1257w-EN_LTZdAMlw,1,Translation,"text,global",Translate the main headline “PUMPKIN PATCH FESTIVAL” to Spanish as “FESTIVAL DEL HUERTO DE CALABAZAS”.
1257w-EN_LTZdAMlw,2,2-Element Layout Swap,"layout,global","Swap positions of the “PUMPKIN PATCH FESTIVAL” headline and the three-column date/free/time row, placing the details above the headline while keeping both centered."
1257w-EN_LTZdAMlw,3,Global Layout Change,"layout,global","Convert to a two-column landscape layout: stack all typography in a left column with generous spacing, dedicate the right column to the autumn illustrations, and add equal top/bottom margins."
1257w-EN_LTZdAMlw,4,Object Removal,"layout,local","Remove the ""JOIN US FOR OUR ANNUAL"" line; move the title up slightly and re-center the date/free entry/time row to maintain balanced spacing."
1257w-EN_LTZdAMlw,5,Object Addition,"layout,local","Add a small watercolor barn icon centered between the “PUMPKIN PATCH FESTIVAL” headline and the date/time row, in warm rustic brown and sage green to complement the existing florals."
1257w-EN_LTZdAMlw,6,Copy Expansion,"text,layout,global","Expand ""JOIN US FOR OUR ANNUAL"" to: Join us for our annual pumpkin patch celebration with festive treats, hayrides, and family fun."
1257w-EN_LTZdAMlw,7,Image Replacement,"image,layout,local","Replace the watercolor pumpkin and sunflower border with a similar composition of winter-themed watercolor pinecones, holly berries, and evergreen sprigs framing the top and bottom."
1257w-EN_LTZdAMlw,8,Typography Style Shift,"text,style,global","Swap the distressed title to uppercase bold tall serif and convert all supporting text to light sans-serif sentence case for a cleaner, elegant tone."
1257w-EN_LTZdAMlw,9,Accent Recolor,"color,local","Recolor the “PUMPKIN PATCH FESTIVAL” headline to deep forest green #184D3A, keeping all other text in the existing warm brown."
1257w-EN_LTZdAMlw,10,Background Replacement,"image,color,global","Replace the white background with a subtle warm parchment texture (#F8EFE3), creating a rustic autumn mood while maintaining high contrast for legible text and keeping the watercolor pumpkin borders intact."
1257w-EN_LTZdAMlw,11,Hierarchy Adjustment,"layout,text,global","Elevate the date/time row as focal point by enlarging to title size, centering above the headline, increasing contrast to #8C5A32, and shrinking the headline to medium."
1257w-EN_LTZdAMlw,12,Contrast & Readability Enhancement,"color,style,local","Darken the small text (“JOIN US…”, date/time row, description, and address) to deep walnut brown #3E2610 for stronger contrast against the white background."
1257w-EN_LTZdAMlw,13,Add Secondary Text Block,"text,layout,local","Add a small italic subtitle 'Family fun from dawn to dusk' in warm rust brown (#8B5A2B), centered below 'PUMPKIN PATCH FESTIVAL', with letter-spacing, shifting the date row down slightly."
1257w-EN_LTZdAMlw,14,Theme Restyling,"style,color,global","Restyle as ""Winter Holiday Fair"": replace pumpkins/sunflowers with watercolor pine, holly, and snowflakes; switch palette to deep forest green #184D3A, crimson #B22222, and white; update headline/copy accordingly."
1257w-dnPJ18q1Q2E,0,Color Palette Variation,"color,global",Recolor the palette: replace the red background with deep midnight blue #0E1A2B; change all typography to warm peach #FFD6C7; retain the grain texture and existing contrast for readability.
1257w-dnPJ18q1Q2E,1,Translation,"text,global","Translate the headline ""THE STORY OF OUR LOVE"" to French as ""L'HISTOIRE DE NOTRE AMOUR"", keeping placement and style."
1257w-dnPJ18q1Q2E,2,2-Element Layout Swap,"layout,global","Swap the large title with the character image: place the image in the upper half and move the title below it, both centered with balanced margins."
1257w-dnPJ18q1Q2E,3,Global Layout Change,"layout,global","Reflow into a two-column layout: left column stacks all text, right column becomes a full-height image, add larger outer margins, and center-align a bottom footer bar."
1257w-dnPJ18q1Q2E,4,Object Removal,"layout,local","Remove the top ""FROM DIRECTOR OF LOVE IN BLOOM DANIEL GALLEGO"" line, then move the main title slightly upward to center within the upper half, keeping the cast strip and credits unchanged."
1257w-dnPJ18q1Q2E,5,Object Addition,"layout,local",Add a small minimalist heart icon in pale cream centered between the director credit and title to fill the top space and complement the romantic theme.
1257w-dnPJ18q1Q2E,6,Copy Expansion,"text,layout,global","Expand the top tagline into a 2–3× longer centered paragraph to test wrapping, keeping uppercase sans-serif, the same beige color, and balanced spacing above the title."
1257w-dnPJ18q1Q2E,7,Image Replacement,"image,layout,local","Replace the rear-view figure with a central silhouette of a couple embracing under gentle snowfall, preserving the red backdrop, grainy speckles, and current credit block positioning."
1257w-dnPJ18q1Q2E,8,Typography Style Shift,"text,style,global","Switch the main title to a tall serif, sentence case, lighter weight for an elegant romantic tone."
1257w-dnPJ18q1Q2E,9,Accent Recolor,"color,local",Change the main title text color to warm golden yellow #F6C667 for stronger contrast against the red background.
1257w-dnPJ18q1Q2E,10,Background Replacement,"image,color,global",Replace the red speckled background with a soft dusk gradient (deep navy #0B1C2D to plum #4B2C4F) to evoke intimacy while preserving clear contrast for the subject and cream titles.
1257w-dnPJ18q1Q2E,11,Hierarchy Adjustment,"layout,text,global","Make the photograph the focal point: enlarge it to occupy the upper half, reduce the title to body-size and reposition it below the shoulders, increasing image contrast slightly."
1257w-dnPJ18q1Q2E,12,Contrast & Readability Enhancement,"color,style,local",Place a semi-transparent deep maroon (#6B1E1E) horizontal overlay behind the top tagline and bottom credits to improve legibility without changing composition.
1257w-dnPJ18q1Q2E,13,Add Secondary Text Block,"text,layout,local","Add a centered subtitle below “OUR LOVE”: “A journey through second chances” in small italic sans-serif, soft cream (#F5E1D0), with wide tracking."
1257w-dnPJ18q1Q2E,14,Theme Restyling,"style,color,global","Restyle for Christmas: switch background to deep forest green #184D3A with subtle snowflake pattern; change all text to white/gold (titles white uppercase bold, credits gold small); keep layout unchanged."
1257w-w-iZnixy-TU,0,Color Palette Variation,"color,global","Switch to a dark palette: replace sky background with deep navy #0C1B2A, change headline to warm cream #FFF1E0, and set body and label text to pale gray #DDE3EA."
1257w-w-iZnixy-TU,1,Translation,"text,global","Translate all visible English text to Spanish; replace the headline 'CLUB CLASSICS' with uppercase bold 'CLÁSICOS DEL CLUB', keeping layout, hierarchy, and existing colors."
1257w-w-iZnixy-TU,2,2-Element Layout Swap,"layout,global","Swap the ""CLUB CLASSICS"" headline with the shirt image: move the shirt to the top center, and place the headline centered above the footer, maintaining equal margins."
1257w-w-iZnixy-TU,3,Global Layout Change,"layout,global","Rebuild into a split layout: left full-height image column, right stacked headline, star, and info blocks; place date/info as a sticky bottom bar; apply a 12-column grid."
1257w-w-iZnixy-TU,4,Object Removal,"layout,local",Remove the star icon beneath the shirt; lower the shirt slightly to center it between the headline and bottom info bar for balanced spacing.
1257w-w-iZnixy-TU,5,Object Addition,"layout,local","Add a small deep forest green (#184D3A) recycling icon to the left of the sustainability paragraph, vertically centered with its first line, maintaining current spacing and alignment."
1257w-w-iZnixy-TU,6,Copy Expansion,"text,layout,global","Expand the bottom sustainability paragraph to 2–3x length, maintaining all-caps sans-serif white text; include fair labor, repair program, recycled packaging, local production, and donations; preserve alignment and spacing."
1257w-w-iZnixy-TU,7,Image Replacement,"image,layout,local","Replace the central floating striped shirt with a floating mirrored disco ball, keeping the blue-sky background and star accent to shift to a nostalgic nightlife mood."
1257w-w-iZnixy-TU,8,Typography Style Shift,"text,style,global","Switch “CLUB CLASSICS” to tall serif uppercase with tighter tracking for a more elegant, refined tone."
1257w-w-iZnixy-TU,9,Accent Recolor,"color,local",Recolor the “RIMBERIO CLOTHES” pill background from light blue to deep forest green (#184D3A) to create a stronger accent against the white footer.
1257w-w-iZnixy-TU,10,Background Replacement,"image,color,global","Replace sky background with deep charcoal gradient (#0B0F1A–#1C2B4A) to create a night-club mood, keeping the striped shirt and cream headline untouched and high-contrast."
1257w-w-iZnixy-TU,11,Hierarchy Adjustment,"layout,text,global","Enlarge the striped shirt to dominate the center, move it slightly upward, and reduce “CLUB CLASSICS” to smaller, lighter-weight uppercase in softer cream #F7F2E8, positioned above as secondary."
1257w-w-iZnixy-TU,12,Contrast & Readability Enhancement,"color,style,local",Add a 70% opacity #0B1F3A gradient overlay from the bottom edge up behind the body paragraph and date bar to boost white text legibility without altering composition.
1257w-w-iZnixy-TU,13,Add Secondary Text Block,"text,layout,local","Add a centered small uppercase sans-serif subtitle 'VINTAGE FITS FOR MODERN NIGHTS' beneath 'CLUB CLASSICS' in soft ivory #F4EDE3 with wide letterspacing, keeping generous padding above the floating shirt."
1257w-w-iZnixy-TU,14,Theme Restyling,"style,color,global","Restyle for winter holidays: replace sky with midnight blue and snow, swap striped shirt for cozy red sweater, update title to HOLIDAY CLASSICS, apply accent colors #C71F2D and #F5E6C8."
1280w-1EsFpGQoTQo,0,Color Palette Variation,"color,global","Recolor the palette from aqua green/beige to sunset tones: deep indigo #0D1B2A water, coral #FF6F61 accents, warm sand #F7E7CE; change button outlines to ivory #F8F5F0; keep white typography."
1280w-1EsFpGQoTQo,1,Translation,"text,global","Translate all on-image text to Spanish: “CÓMO CONSTRUIR EL NEGOCIO DE TUS SUEÑOS”, “NEGOCIOS”, “CONSEJOS”, “PARA COACHES”, and button “SITIO REALMENTE GENIAL”."
1280w-1EsFpGQoTQo,2,2-Element Layout Swap,"layout,global","Swap positions of the main headline and the bottom “REALLYGREATSITE” button, placing the headline bottom-center above the hat and the button centrally where the headline currently sits."
1280w-1EsFpGQoTQo,3,Global Layout Change,"layout,global",Rebuild as split-screen grid: create a left panel housing stacked headline and CTA; move the top navigation into a vertical left sidebar; set the pool photo full-bleed on the right.
1280w-1EsFpGQoTQo,4,Object Removal,"layout,local","Remove the top three pill buttons (“BUSINESS,” “TIPS,” “FOR COACHES”); nudge the headline group up 10% and center it horizontally to maintain balance."
1280w-1EsFpGQoTQo,5,Object Addition,"layout,local",Add a small white (#FFFFFF) sun icon in the top-left corner over the pool water to balance the header elements.
1280w-1EsFpGQoTQo,6,Copy Expansion,"text,layout,global","Expand the ""OF YOUR DREAMS"" subheading into a 2–3× longer, centered white body paragraph beneath ""BUSINESS"", elaborating on actionable steps and benefits while preserving tone, line-height, and overall layout balance."
1280w-1EsFpGQoTQo,7,Image Replacement,"image,layout,local","Replace the poolside lounging scene with a cozy mountain meadow picnic: person reclining on blanket, holding a mug, hat and sunglasses nearby, with a turquoise alpine lake background."
1280w-1EsFpGQoTQo,8,Typography Style Shift,"text,style,global","Replace the serif “BUSINESS” headline with uppercase bold sans-serif to shift the tone to clean, modern minimalism."
1280w-1EsFpGQoTQo,9,Accent Recolor,"color,local",Change the bottom “REALLYGREATSITE” button’s outline and text from white to coral #FF6B6B.
1280w-1EsFpGQoTQo,10,Background Replacement,"image,color,global","Replace the poolside water background with a deep forest green (#184D3A) to charcoal (#0E0E0E) gradient, masking the subject, and ensure the white headline remains clearly readable."
1280w-1EsFpGQoTQo,11,Hierarchy Adjustment,"layout,text,global","Make the bottom “REALLYGREATSITE” button the focal point by enlarging it to huge, centering it, and shrinking the “BUSINESS” headline to body size."
1280w-1EsFpGQoTQo,12,Contrast & Readability Enhancement,"color,style,local",Add a subtle top-to-middle gradient overlay (deep forest green #184D3A at 35% to transparent) to improve contrast for the top navigation labels and subhead text.
1280w-1EsFpGQoTQo,13,Add Secondary Text Block,"text,layout,local","Add a small, centered, uppercase sans-serif subtitle beneath 'OF YOUR DREAMS' reading 'Actionable tips for entrepreneurs and coaches,' in #FFFFFF with letter spacing, positioned above the bottom button."
1280w-1EsFpGQoTQo,14,Theme Restyling,"style,color,global","Replace pool background with snowy festive market; update all text and button outlines to pine #184D3A and cranberry #B9363F; add tiny snowflake icons beside nav labels, preserving layout."
1280w-2LZs3UZm33E,0,Color Palette Variation,"color,global","Recolor cream/beige background to deep forest green #0F3D2E, curved beige panels to sage #CFE3D3, and chocolate-brown text to warm ivory #FFF7E6, keeping readability."
1280w-2LZs3UZm33E,1,Translation,"text,global","Translate headline and paragraph to Spanish: '¿Adivina qué?' 'Ya sea un trozo de chocolate negro o tu pastel favorito, un poco de dulzura puede alegrarte al instante.' Leave @reallygreatsite."
1280w-2LZs3UZm33E,2,2-Element Layout Swap,"layout,global","Swap the headline 'Guess What?' with the paragraph block, placing the paragraph above and the headline below, centered with equal margins from the top and curved arc."
1280w-2LZs3UZm33E,3,Global Layout Change,"layout,global","Reframe to a two-panel split: left panel for title and subtext stacked, right panel for curved graphic; add a fixed footer bar housing the handle centered."
1280w-2LZs3UZm33E,4,Object Removal,"layout,local","Remove the ""@reallygreatsite"" handle; lower the body paragraph slightly and nudge ""Guess What?"" down to keep balance within the curved beige shape."
1280w-2LZs3UZm33E,5,Object Addition,"layout,local","Add a small chocolate bar illustration in deep cocoa brown (#5A2D22) above the paragraph, centered under “Guess What?”, to reinforce the theme and balance the composition."
1280w-2LZs3UZm33E,6,Copy Expansion,"text,layout,global","Expand the uppercase body paragraph under “Guess What?” to 2–3× length, preserving warm, indulgent tone; keep centered alignment, sans-serif uppercase style, and spacing balanced within the cream arc."
1280w-2LZs3UZm33E,7,Image Replacement,"image,layout,local","Swap the bottom cream semicircle illustration for a similar arc-shaped minimalist mountain horizon in cool blues (#AFCBE3, #446A8A), keeping placement and scale consistent."
1280w-2LZs3UZm33E,8,Typography Style Shift,"text,style,global","Switch the “Guess What?” headline to lowercase rounded sans-serif, medium weight, for a friendlier, playful tone."
1280w-2LZs3UZm33E,9,Accent Recolor,"color,local",Change the “Guess What?” headline color from brown to deep forest green #184D3A for stronger focal contrast against the cream background.
1280w-2LZs3UZm33E,10,Background Replacement,"image,color,global","Replace the cream background with a rich cocoa-brown gradient and subtle chocolate-bar pattern, leaving a pale cream circular spotlight behind the headline and body text for high contrast."
1280w-2LZs3UZm33E,11,Hierarchy Adjustment,"layout,text,global","Make the paragraph the focal point: enlarge to title size, uppercase bold in #3E2A20, center above the curve, and shrink “Guess What?” to small italic subhead beneath."
1280w-2LZs3UZm33E,12,Contrast & Readability Enhancement,"color,style,local",Darken the small paragraph and @reallygreatsite handle to #3B2216 and add a subtle text shadow to improve contrast against the light beige background.
1280w-2LZs3UZm33E,13,Add Secondary Text Block,"text,layout,local",Insert a small italic sans-serif subtitle “Here’s a sweet secret” in deep cocoa brown centered below “Guess What?” to bridge to the body text.
1280w-2LZs3UZm33E,14,Theme Restyling,"style,color,global","Convert to festive winter holiday theme: switch palette to deep forest green, cranberry red, and cream; add small snowflake line icons around the headline; keep layout and fonts."
1280w-7NdToF9SL00,0,Color Palette Variation,"color,global",Switch palette to deep wine background #3B0A2A with warm cream text and line art #FFF3E0; set accent stars and highlights to muted gold #D4A017 for contrast.
1280w-7NdToF9SL00,1,Translation,"text,global","Translate all text to French: ""Café Rimberio"", ""SOIRÉE MUSIQUE ET VIN"", ""DÉBUT À 18 H"", ""MUSIQUE EN DIRECT PAR OLIVIA WILSON"", ""123 rue Anywhere, Toute Ville""."
1280w-7NdToF9SL00,2,2-Element Layout Swap,"layout,global","Swap the wine glass illustration with the turntable character, placing the turntable on the left and the wine glass on the right to maintain balance with surrounding text."
1280w-7NdToF9SL00,3,Global Layout Change,"layout,global","Rebuild using a two-column grid: left column all illustrations, right column all copy; add full-width header for event title and footer for location/time; increase outer margins and spacing."
1280w-7NdToF9SL00,4,Object Removal,"layout,local","Remove both starburst icons; keep ""Cafe Rimberio"" and ""MUSIC AND WINE PARTY"" centered and increase top padding slightly to maintain balance."
1280w-7NdToF9SL00,5,Object Addition,"layout,local","Add a small black music-note cluster above “LIVE MUSIC BY OLIVIA WILSON” on the lower-right, matching the existing line style to balance the wine glass on the left."
1280w-7NdToF9SL00,6,Copy Expansion,"text,layout,global","Expand ""LIVE MUSIC BY OLIVIA WILSON"" into: Live music by Olivia Wilson, playing soulful acoustic favorites and upbeat covers all evening; sip featured wines and enjoy a cozy vibe."
1280w-7NdToF9SL00,7,Image Replacement,"image,layout,local","Replace central turntable illustration with a minimalist acoustic guitar sketch of similar scale and position, shifting mood to cozy unplugged while keeping wine glass and text layout unchanged."
1280w-7NdToF9SL00,8,Typography Style Shift,"text,style,global",Switch all text to a tall serif in title case with medium weight.
1280w-7NdToF9SL00,9,Accent Recolor,"color,local","Recolor the ""MUSIC AND WINE PARTY"" headline to deep burgundy #7A1F2B."
1280w-7NdToF9SL00,10,Background Replacement,"image,color,global","Replace the cream background with deep burgundy (#5A0A1F) to create a night-party mood, ensuring all text and line art remain high-contrast."
1280w-7NdToF9SL00,11,Hierarchy Adjustment,"layout,text,global","Scale the turntable illustration to huge and center it, move the headline below in smaller regular sans-serif, and darken the illustration lines to #111 to make it primary."
1280w-7NdToF9SL00,12,Contrast & Readability Enhancement,"color,style,local",Deepen the black of all text (#000) and add a faint #333333 shadow to the thin 'Cafe Rimberio' line to boost legibility against the cream background.
1280w-7NdToF9SL00,13,Add Secondary Text Block,"text,layout,local","Add a small sans-serif subtitle ""Craft wines & vinyl vibes"" centered beneath ""MUSIC AND WINE PARTY"" in charcoal #2E2E2E to balance the layout."
1280w-7NdToF9SL00,14,Theme Restyling,"style,color,global",Restyle for winter holidays: set background snowy white #FFFFFF; use pine green #0F5132 and gold #C9A227 accents; replace star icons with snowflakes; swap wine glass for a steaming mulled-wine mug.
1280w-GZEFZIEhLE0,0,Color Palette Variation,"color,global","Switch to a deep midnight blue palette: set background #0B1D3A, recolor graffiti strokes muted slate #4D5C77, and change all text to off-white #F8F5EF for high-contrast readability."
1280w-GZEFZIEhLE0,1,Translation,"text,global","Translate all visible text to Spanish: ""NOCHE DE FIESTA DE MÚSICA"", ""VIERNES 25 DE AGOSTO"", ""9 - 12 p. m."", keeping ""DJ JACOB"" and ""REALLYGREATSITE.COM"" unchanged."
1280w-GZEFZIEhLE0,2,2-Element Layout Swap,"layout,global","Move the main portrait to the left half and place the “MUSIC PARTY NIGHT” headline centered where the photo was, effectively swapping their prominence while keeping balanced margins."
1280w-GZEFZIEhLE0,3,Global Layout Change,"layout,global","Switch to a two-column layout: left full-bleed image, right stacked text column; add generous outer margins, consistent gutters, and centered text alignment."
1280w-GZEFZIEhLE0,4,Object Removal,"layout,local",Remove the small white star icon in the photo’s bottom-right; slightly scale up and recenter the portrait so margins around the image remain even.
1280w-GZEFZIEhLE0,5,Object Addition,"layout,local","Add a small white vinyl record icon in the top-left corner, matching the graffiti line weight, to balance the MUSIC PARTY NIGHT text."
1280w-GZEFZIEhLE0,6,Copy Expansion,"text,layout,global","Expand the top-right ""MUSIC PARTY NIGHT"" text to: ""Unforgettable music party night with DJ Jacob headlining."""
1280w-GZEFZIEhLE0,7,Image Replacement,"image,layout,local","Replace the central black-and-white close-up portrait with a monochrome close-up of hands on a DJ mixer, maintaining the same centered crop and size."
1280w-GZEFZIEhLE0,8,Typography Style Shift,"text,style,global","Switch all text to tall serif, title case, with lighter weight to shift the poster tone from gritty to elegant."
1280w-GZEFZIEhLE0,9,Accent Recolor,"color,local","Change the ""DJ JACOB"" headline text color from white to vibrant electric blue #1E90FF to create a strong accent against the grayscale photo."
1280w-GZEFZIEhLE0,10,Background Replacement,"image,color,global","Replace the gray graffiti background with a warm light gradient from peach #FFD6B0 to cream #FFF5E6, preserving strong contrast for the black text and central photo."
1280w-GZEFZIEhLE0,11,Hierarchy Adjustment,"layout,text,global","Make 'MUSIC PARTY NIGHT' the main focal point: center it above the photo, enlarge to huge uppercase bold in #FF3B3B, and reduce 'DJ JACOB' to small, lower-contrast text."
1280w-GZEFZIEhLE0,12,Contrast & Readability Enhancement,"color,style,local",Place a semi-transparent white rectangle behind the “9 - 12 PM” text to improve contrast against the gray sweep.
1280w-GZEFZIEhLE0,13,Add Secondary Text Block,"text,layout,local","Add a small uppercase sans-serif label ""DOWNTOWN CLUB"" at the top-left corner, black #111, aligning to margins to balance the ""MUSIC PARTY NIGHT"" block."
1280w-GZEFZIEhLE0,14,Theme Restyling,"style,color,global","Convert to festive holiday theme: replace graffiti with pine boughs and gold confetti; apply palette deep forest green #184D3A, cranberry #A61B2B, gold #D4AF37; add holly icons near date/time."
1280w-H8F4b127vDk,0,Color Palette Variation,"color,global",Switch to a light palette: set background to pale sage #EAF3E9 and change all neon-yellow text/accents to deep forest green #184D3A to maintain strong readability.
1280w-H8F4b127vDk,1,Translation,"text,global","Translate the headline to Spanish as ""QUÉ HAGO CUANDO ME AGOTO"" and the button to ""DESLIZA →"", keeping style, color, and layout consistent."
1280w-H8F4b127vDk,2,2-Element Layout Swap,"layout,global","Swap positions: right-align the headline on the right half, and shift/crop the main image focus to dominate the left half, maintaining equal visual weight."
1280w-H8F4b127vDk,3,Global Layout Change,"layout,global","Rebuild as a two-column layout: left full-bleed photo, right vertically centered stacked text block; add fixed top navigation bar for handle/date and a bottom-right persistent CTA button."
1280w-H8F4b127vDk,4,Object Removal,"layout,local",Remove the @reallygreatsite handle and the bottom-right star icon; then move the “OUT” block slightly left and up to evenly balance the headline columns.
1280w-H8F4b127vDk,5,Object Addition,"layout,local","Add a small neon yellow calendar icon to the right of the top-right date, right-aligned, matching the date’s height to balance the header."
1280w-H8F4b127vDk,6,Copy Expansion,"text,layout,global","Expand the ""WHAT I DO WHEN I BURN OUT"" headline into a body paragraph 2–3× longer, keeping current style, constrained to the existing column width to test wrapping."
1280w-H8F4b127vDk,7,Image Replacement,"image,layout,local",Replace the sunlit grass photo of two women resting with a similarly framed shot of two friends lounging on a cozy rug beside a window in soft morning light.
1280w-H8F4b127vDk,8,Typography Style Shift,"text,style,global","Switch the large headline “WHAT I DO WHEN I BURN OUT” to tall serif, title case, regular weight for a more elegant tone."
1280w-H8F4b127vDk,9,Accent Recolor,"color,local",Recolor the “SWIPE →” button outline and text to sunset orange #FF6B3D.
1280w-H8F4b127vDk,10,Background Replacement,"image,color,global","Replace the grassy outdoor photo background with a moody midnight-blue (#0B1D3A→#021020) gradient night sky, masking around both subjects; keep neon yellow text and logos untouched."
1280w-H8F4b127vDk,11,Hierarchy Adjustment,"layout,text,global","Make the photo dominant: shrink the headline to body size, change it to muted olive #8A8F3A, and reposition it to the bottom-left."
1280w-H8F4b127vDk,12,Contrast & Readability Enhancement,"color,style,local",Add a semi-transparent #0A2A1A overlay (35%) behind the large neon headline block to boost contrast against the photo.
1280w-H8F4b127vDk,13,Add Secondary Text Block,"text,layout,local","Add a small sans-serif subtitle “Small rituals to reset and rest” in white #FFFFFF below “OUT,” left-aligned with generous letter-spacing."
1280w-H8F4b127vDk,14,Theme Restyling,"style,color,global","Restyle for winter holidays: change palette to deep forest green #184D3A and gold #FFD166, recolor text and buttons, add snowflake corner icons, keep layout and typography scale unchanged."
1280w-IBJtTP4icf8,0,Color Palette Variation,"color,global","Shift to a bright coastal palette: recolor wall #EAF7FF, table light sand #F3E7D3, accents soft teal #3AAFA9; set all text to deep navy #0B2545 for contrast."
1280w-IBJtTP4icf8,1,Translation,"text,global","Translate the headline to Spanish, changing ""Clean girl"" to ""Chica limpia"" and ""healthy habits"" to ""hábitos saludables"", keeping typography and layout intact."
1280w-IBJtTP4icf8,2,2-Element Layout Swap,"layout,global","Swap positions of the headline block and the bottom-right diamond logo: place the headline bottom-right, right-aligned; move the diamond to the current headline area on the left."
1280w-IBJtTP4icf8,3,Global Layout Change,"layout,global",Switch to a 12-column grid; place photo spanning columns 7–12 full-height; stack and center all text in columns 1–6; add generous outer margins and a fixed bottom footer.
1280w-IBJtTP4icf8,4,Object Removal,"layout,local",Remove the @reallygreatsite handle and the bottom-right diamond icon; slightly enlarge and center the “Clean girl healthy habits” text block within the left half to maintain balance.
1280w-IBJtTP4icf8,5,Object Addition,"layout,local","Add a small deep forest green leaf icon to the top-right empty wall area, aligned with the headline’s baseline, to complement the theme and balance the composition."
1280w-IBJtTP4icf8,6,Copy Expansion,"text,layout,global","Expand 'healthy habits' into a 2–3× longer body paragraph: 'Hydrate, tidy, and move daily for clarity and energy. Choose whole foods and sleep well to support calm, balanced wellness.'"
1280w-IBJtTP4icf8,7,Image Replacement,"image,layout,local","Replace the cafe desk-and-coffee photo with a minimalist bathroom vanity: skincare bottles, jade roller, and a water glass on a counter against a neutral wall, keeping left negative space."
1280w-IBJtTP4icf8,8,Typography Style Shift,"text,style,global","Change the headline to uppercase bold sans-serif; set the subhead in small uppercase sans-serif regular, removing italics, for a modern, confident tone."
1280w-IBJtTP4icf8,9,Accent Recolor,"color,local","Recolor the ""healthy habits"" subtitle to deep forest green #184D3A while keeping the main title white."
1280w-IBJtTP4icf8,10,Background Replacement,"image,color,global","Replace the cafe wall/background with a minimal light sage-to-cream gradient (#E8F1E6 → #FFF7EE), masking around the table, laptop, and coffee so white headline remains legible."
1280w-IBJtTP4icf8,11,Hierarchy Adjustment,"layout,text,global","Make the coffee cup dominant by cropping tighter around it and shrinking the headline to small sans-serif in the upper-right, colored #D9D9D9 for reduced contrast."
1280w-IBJtTP4icf8,12,Contrast & Readability Enhancement,"color,style,local","Add a subtle 35% black rectangle overlay behind the entire text stack (headline, subheadline, handle) to improve legibility against the gray wall."
1280w-IBJtTP4icf8,13,Add Secondary Text Block,"text,layout,local","Add a small italic sans-serif quote “Start small, stay consistent” in #184D3A at the upper-right negative space, right-aligned."
1280w-IBJtTP4icf8,14,Theme Restyling,"style,color,global","Restyle for winter holidays: change title to 'Cozy holiday', subtitle to 'healthy habits'; use uppercase bold title in deep forest green with gold subtitle; add corner snowflakes; keep layout."
1280w-IV5gw4zs55c,0,Color Palette Variation,"color,global","Replace the warm pastel background bands with cool tones: slate #2F3E46, seafoam #84A98C, mist #CAD2C5, and ice #F2F7F5; keep white note and black text."
1280w-IV5gw4zs55c,1,Translation,"text,global","Translate the headline to Spanish: “Cuanto mejor sea la pregunta, mejor será la respuesta” and change “@ReallyGreatSite” to “@SitioRealmenteGenial”."
1280w-IV5gw4zs55c,2,2-Element Layout Swap,"layout,global","Swap the quote text block with the @ReallyGreatSite handle: place the handle centered above, and move the quote down to the current handle position, maintaining note centering."
1280w-IV5gw4zs55c,3,Global Layout Change,"layout,global",Switch to a split layout: center the note-and-clip in the left half; confine wavy bands to the right half; add wide gutters and uniform padding around the entire canvas.
1280w-IV5gw4zs55c,4,Object Removal,"layout,local",Remove the metal paperclip; move the note slightly upward and visually re-center the quote and handle on the note to maintain balance.
1280w-IV5gw4zs55c,5,Object Addition,"layout,local","Add a small warm mustard (#D9A441) lightbulb icon near the bottom-left of the white note, aligned to the left edge, to balance the layout."
1280w-IV5gw4zs55c,6,Copy Expansion,"text,layout,global","Expand the main quote into a 2–3× longer single paragraph about sharper questions yielding clearer answers, keeping tone consistent and wrapping neatly within the white note."
1280w-IV5gw4zs55c,7,Image Replacement,"image,layout,local","Replace the pastel wavy backdrop with a moody midnight-blue starry sky illustration, retaining the centered clipped white note and layout."
1280w-IV5gw4zs55c,8,Typography Style Shift,"text,style,global","Switch the quote to lightweight italic tall serif for a refined, elegant tone."
1280w-IV5gw4zs55c,9,Accent Recolor,"color,local",Recolor the paperclip to brushed copper #B87333 for a warm accent that harmonizes with the pastel bands.
1280w-IV5gw4zs55c,10,Background Replacement,"image,color,global","Replace the pastel wave background with a deep navy-to-teal gradient (#0B1A2C to #0F5E5E) to create a calm, modern mood, preserving the white note and paperclip visibility."
1280w-IV5gw4zs55c,11,Hierarchy Adjustment,"layout,text,global","Make the paper clip dominant: scale it 200%, center it at the note’s top, and shrink the quote to body size in gray #666."
1280w-IV5gw4zs55c,12,Contrast & Readability Enhancement,"color,style,local",Add a soft #00000033 drop shadow around the white note and paperclip to improve contrast against the light background.
1280w-IV5gw4zs55c,13,Add Secondary Text Block,"text,layout,local","Add a small italic sans-serif subtitle ""Curiosity fuels progress."" centered below the main quote and above @ReallyGreatSite in #555555 to balance spacing."
1280w-IV5gw4zs55c,14,Theme Restyling,"style,color,global","Convert to winter holiday theme: change background waves to deep navy #0B1F3B and icy blue #A9D1F7, add small white snowflakes around paper edges, keep paperclip and typography unchanged."
1280w-QGZG7QgzOng,0,Color Palette Variation,"color,global","Recolor the background to a deep indigo-to-midnight gradient (#1A1F4B to #0A0F2A), tint clouds muted slate #556079, and change all text/underlines to warm ivory #F6F0E8, keeping the book unchanged."
1280w-QGZG7QgzOng,1,Translation,"text,global","Replace the headlines with Spanish: “CONOCE A DIOS” (top) and “A TRAVÉS DE SU PALABRA” (bottom), matching current type, casing, and existing underline/circle accents."
1280w-QGZG7QgzOng,2,2-Element Layout Swap,"layout,global","Swap the headline “GET TO KNOW GOD” with the subheadline “THROUGH HIS WORD,” placing the latter top-centered and the former bottom-centered while keeping the open book centered."
1280w-QGZG7QgzOng,3,Global Layout Change,"layout,global",Switch to a two-column grid; move the Bible to the left column; center both text lines stacked in the right column; increase padding; align baseline and balance whitespace.
1280w-QGZG7QgzOng,4,Object Removal,"layout,local",Remove the white oval scribble near “GOD” and center the top heading horizontally above the book to maintain balance.
1280w-QGZG7QgzOng,5,Object Addition,"layout,local","Add a small white dove icon in the upper-left sky to balance the circled headline, keeping it subtle and matching the underline’s stroke weight."
1280w-QGZG7QgzOng,6,Copy Expansion,"text,layout,global","Expand the bottom text ""THROUGH HIS WORD"" into: ""Through His Word, discover guidance, comfort, and truth; read daily, reflect prayerfully, and let Scripture shape your heart and decisions."""
1280w-QGZG7QgzOng,7,Image Replacement,"image,layout,local","Replace the central open Bible with an open nature journal with a pressed leaf, retaining the floating placement and blue-sky-with-clouds background."
1280w-QGZG7QgzOng,8,Typography Style Shift,"text,style,global","Switch both headlines to title case in a light tall serif for a more elegant, reverent tone."
1280w-QGZG7QgzOng,9,Accent Recolor,"color,local","Recolor the oval highlight around 'GET TO KNOW GOD' to warm golden yellow #F2C94C, retaining white text."
1280w-QGZG7QgzOng,10,Background Replacement,"image,color,global","Replace the sky background with a deep navy starry night gradient (#0B1D3A to #091123), keeping clouds removed, ensuring white typography and the central Bible remain sharp and unobstructed."
1280w-QGZG7QgzOng,11,Hierarchy Adjustment,"layout,text,global",Make the open Bible the main focal point by scaling it to 170% and centering; shrink both headlines to small light #E6F0FF and move them near top/bottom margins.
1280w-QGZG7QgzOng,12,Contrast & Readability Enhancement,"color,style,local",Add a soft deep navy (#1A2C44) drop shadow to both white text lines and a subtle semi-transparent dark blue overlay behind the bottom text to improve contrast against the clouds.
1280w-QGZG7QgzOng,13,Add Secondary Text Block,"text,layout,local","Add a small italic sans-serif subtitle below ""GET TO KNOW GOD"": ""Daily reading brings clarity and peace,"" in white, center-aligned, to balance spacing above the book."
1280w-QGZG7QgzOng,14,Theme Restyling,"style,color,global","Restyle for Christmas: replace sky with midnight blue and light snowflakes, change text to deep crimson uppercase serif, add small gold holly icons beside each line, keeping layout unchanged."
1280w-QVxrpF_dKgM,0,Color Palette Variation,"color,global","Replace red gingham with sky-blue and white checks (#2B6CB0/#FFFFFF), switch paper to warm ivory #FFFAF0, keep black text, and recolor tape to sandy beige #D4B483."
1280w-QVxrpF_dKgM,1,Translation,"text,global","Translate all Spanish text to English, including the headline, date (""June 15""), time (""12:00 PM""), location details, and RSVP, keeping layout and typographic styles unchanged."
1280w-QVxrpF_dKgM,2,2-Element Layout Swap,"layout,global","Swap the centered basket illustration with the headline paragraph below; move the headline above center and the basket beneath it, keeping equal horizontal margins and consistent vertical spacing."
1280w-QVxrpF_dKgM,3,Global Layout Change,"layout,global","Convert to a single-column layout on a cream canvas; remove taped paper and scalloped edges; add wide margins and spacing; place basket as header, stack all text below."
1280w-QVxrpF_dKgM,4,Object Removal,"layout,local",Remove the small black burst lines around the basket; slightly increase the basket size and center it between the date and time.
1280w-QVxrpF_dKgM,5,Object Addition,"layout,local","Add a small warm-yellow sun illustration centered above the basket, between the tape corners, to balance the layout and highlight the outdoor picnic theme."
1280w-QVxrpF_dKgM,6,Copy Expansion,"text,layout,global","Expand 'Confirmar asistencia' line to: Confirmar asistencia antes del 10 de junio al (55) 1234-5678 o por mensaje; indica número de invitados, edades y restricciones alimentarias para organizar mejor."
1280w-QVxrpF_dKgM,7,Image Replacement,"image,layout,local",Replace the central picnic basket illustration with a centered black-and-white acoustic guitar sketch for a music-in-the-park theme.
1280w-QVxrpF_dKgM,8,Typography Style Shift,"text,style,global","Replace current rounded sans text with tall serif, using title case for headings and sentence case body, to shift from playful to elegant."
1280w-QVxrpF_dKgM,9,Accent Recolor,"color,local",Recolor the basket illustration lines to deep forest green (#184D3A).
1280w-QVxrpF_dKgM,10,Background Replacement,"image,color,global","Replace the red gingham background with a light sky-blue solid color to evoke open-air freshness, keeping the beige paper sheet and black text fully legible."
1280w-QVxrpF_dKgM,11,Hierarchy Adjustment,"layout,text,global","Enlarge the basket illustration to 150% and center it, move 15 DE JUNIO and 12:00 below, and change the “VEN A DISFRUTAR...” line to dark gray to de-emphasize."
1280w-QVxrpF_dKgM,12,Contrast & Readability Enhancement,"color,style,local",Change the smaller gray body text (“Te esperamos…” and “Confirmar asistencia…”) to solid black #000000 for stronger contrast and readability.
1280w-QVxrpF_dKgM,13,Add Secondary Text Block,"text,layout,local","Insert a small italic subtitle '¡Picnic familiar al estilo campestre!' in deep red #C0392B, centered between the basket illustration and the main paragraph to tighten spacing."
1280w-QVxrpF_dKgM,14,Theme Restyling,"style,color,global","Convert to a Christmas theme: change background to deep forest green plaid, replace basket with white snowflake, add small #D4AF37 stars in corners; preserve layout and typography."
1280w-TgB3qSfKXOY,0,Color Palette Variation,"color,global","Replace the deep green backdrop and cream typography with a light palette: background #FFF8E6, typography #184D3A, badges #BFD8B8 with #0F3D2E text, starbursts #E8F5E1, keeping the drink image unchanged."
1280w-TgB3qSfKXOY,1,Translation,"text,global","Translate on-image copy to Spanish: ""Antojo de matcha""; ""¡Servido caliente o con hielo!""; ""Combina con leche entera y jarabe de vainilla""."
1280w-TgB3qSfKXOY,2,2-Element Layout Swap,"layout,global","Swap the glass photo with the “craving/maicha” headline; place the headline top-left and move the glass to bottom-right, keeping badges readable and margins balanced."
1280w-TgB3qSfKXOY,3,Global Layout Change,"layout,global",Convert to two-column layout: left half full-bleed drink image; right half stacked typography and callouts; add header bar for logo; center URL footer; push stars to corner background.
1280w-TgB3qSfKXOY,4,Object Removal,"layout,local",Remove the top-right “served hot or iced!” badge and the curved arrow; then move the glass slightly right and center the “craving” text to maintain balance.
1280w-TgB3qSfKXOY,5,Object Addition,"layout,local","Add a small cream (#F4EADD) bamboo whisk illustration in the bottom-left corner, angled toward the glass, to balance the star shapes and fill the negative space."
1280w-TgB3qSfKXOY,6,Copy Expansion,"text,layout,global","Expand the green pill text to: ""Match with whole milk and vanilla syrup for a creamy, sweet sip—try oat milk, honey, or cinnamon for a smooth, cozy treat."""
1280w-TgB3qSfKXOY,7,Image Replacement,"image,layout,local","Replace the hero iced matcha glass photo with a similarly framed glass of iced strawberry milkshake, keeping angle, lighting, and scale consistent."
1280w-TgB3qSfKXOY,8,Typography Style Shift,"text,style,global",Switch the “craving” and “maicha” headlines to an uppercase tall serif with lighter weight and increased letter spacing to shift the tone to elegant.
1280w-TgB3qSfKXOY,9,Accent Recolor,"color,local","Recolor the top-right “served hot or iced!” pill button from green to warm mustard #E8C547, retaining white text and border for contrast."
1280w-TgB3qSfKXOY,10,Background Replacement,"image,color,global","Replace background with deep forest green (#184D3A) solid color, removing starbursts, ensuring the glass and cream typography remain sharp and legible."
1280w-TgB3qSfKXOY,11,Hierarchy Adjustment,"layout,text,global",Enlarge the matcha glass to dominate: scale up and center; shrink “craving” and “maicha” to medium body size and recolor to muted sage #7E8F79 to lower contrast.
1280w-TgB3qSfKXOY,12,Contrast & Readability Enhancement,"color,style,local",Reduce opacity of the light starbursts behind “craving” and “maicha” to 20% to increase text contrast without altering composition.
1280w-TgB3qSfKXOY,13,Add Secondary Text Block,"text,layout,local",Add a small sans-serif subtitle “hand-whisked daily for a creamy finish” centered between “maicha” and @reallygreatsite in light cream (#F3EAD7).
1280w-TgB3qSfKXOY,14,Theme Restyling,"style,color,global","Restyle for winter holidays: keep layout; change background to deep evergreen #0F3D2E, replace starbursts with white snowflakes, recolor all text and badges to warm cream #F7F1E1 with gold #C9A227 accents."
1280w-l2k_WnNosUU,0,Color Palette Variation,"color,global","Recolor to a fresh coastal palette: background #F5FAFF; bars #A9D6E5, #BEE1E6, #CDE8E5, #D7E3FC, #B0D0D3, #C0E6DE, #A7C7E7; day badges #5B8FB9; set all text deep navy #0B1B3F."
1280w-l2k_WnNosUU,1,Translation,"text,global","Replace ""upcoming EVENTS"" with ""Próximos Eventos"" and ""REGISTER TODAY!"" with ""¡Regístrate Hoy!""."
1280w-l2k_WnNosUU,2,2-Element Layout Swap,"layout,global","Swap the day badges and event description bars: move badges to the right end of each row and align the bars left, keeping spacing consistent across all days."
1280w-l2k_WnNosUU,3,Global Layout Change,"layout,global",Rebuild into a 3x3 grid: title spans the top row; arrange Monday–Sunday event pills across remaining cells; move CTA and contact into a full-width centered footer.
1280w-l2k_WnNosUU,4,Object Removal,"layout,local",Remove the “REGISTER TODAY!” block; move the phone and website to the bottom-right corner and slightly increase spacing below the Sunday bar to balance the layout.
1280w-l2k_WnNosUU,5,Object Addition,"layout,local","Add a small black calendar icon to the right of the ""upcoming EVENTS"" title, vertically centered with the text, to balance the header space."
1280w-l2k_WnNosUU,6,Copy Expansion,"text,layout,global","Replace Monday event text with: Local author reading night at the library, with short readings, Q&A, book signings, all-ages seating, and light refreshments."
1280w-l2k_WnNosUU,7,Image Replacement,"image,layout,local","Replace the starburst weekday badges and pill-shaped bars with fall-themed leaf badges and warm-toned leaf-patterned bars, keeping the same layout and event text."
1280w-l2k_WnNosUU,8,Typography Style Shift,"text,style,global",Change the “upcoming EVENTS” heading to a tall serif with light weight and title case for an elegant tone.
1280w-l2k_WnNosUU,9,Accent Recolor,"color,local",Change the “REGISTER TODAY!” text color from black to vibrant orange #F26B38 to emphasize the call to action.
1280w-l2k_WnNosUU,10,Background Replacement,"image,color,global","Replace the pale beige background with a clean solid #F7FBFF to create a crisp mood while preserving contrast for the orange, green, yellow bars and black type."
1280w-l2k_WnNosUU,11,Hierarchy Adjustment,"layout,text,global","Make 'REGISTER TODAY!' the main focal point: enlarge to huge uppercase bold, center it near the top in #000, and reduce 'upcoming EVENTS' to smaller, light gray subheadline beneath."
1280w-l2k_WnNosUU,12,Contrast & Readability Enhancement,"color,style,local","Change all day-of-week starburst labels’ text color from white to deep charcoal (#1A1A1A) to increase contrast against yellow, green, teal, and orange backgrounds."
1280w-l2k_WnNosUU,13,Add Secondary Text Block,"text,layout,local","Add a small sans-serif subtitle 'Free, family-friendly activities all week' in #333333 centered below the 'upcoming EVENTS' heading."
1280w-l2k_WnNosUU,14,Theme Restyling,"style,color,global",Restyle for winter holidays: set background #F7FAFC; use deep forest green #184D3A and crimson #C42032 for pills and badges; add small snowflake icons; change title to uppercase bold 'HOLIDAY EVENTS'.
1280w-sqmHAnUAgsI,0,Color Palette Variation,"color,global","Transform the warm whites, beiges, and tans to a cool palette: ice white #F5FBFF, slate gray #6E7F8D, and soft steel blue #8AA8C4, preserving luminance and contrast."
1280w-sqmHAnUAgsI,1,Translation,"text,global","Translate the main headline 'Summer Collection' to Spanish as 'Colección de Verano', and convert any visible English text in the collage to Spanish."
1280w-sqmHAnUAgsI,2,2-Element Layout Swap,"layout,global","Swap the central vertical hero couple photo with the bottom-left duo standing photo, maintaining grid spacing and equal margins to preserve balance."
1280w-sqmHAnUAgsI,3,Global Layout Change,"layout,global","Rebuild the collage as a full-bleed hero across the top, followed by a balanced three-column grid of equal-height tiles, with wide gutters, ample outer margins, and consistent edge alignment."
1280w-sqmHAnUAgsI,4,Object Removal,"layout,local",Remove pedestrians and traffic light from the central couple photo; extend background to fill gaps and slightly enlarge the image to maintain balance within the grid.
1280w-sqmHAnUAgsI,5,Object Addition,"layout,local","Add a small minimalist sunglasses icon in deep charcoal #333 to the top-right white margin, aligning with the collage grid to balance the composition."
1280w-sqmHAnUAgsI,6,Copy Expansion,"text,layout,global","Add small sans-serif paragraph bottom-center, #111: “Summer City Edit: Clean lines and airy layers. Neutrals and reflective shades move from sidewalk to skyline with unfussy confidence.”"
1280w-sqmHAnUAgsI,7,Image Replacement,"image,layout,local","Replace the central standing couple and all surrounding urban summer shots with a mountain hiking theme—technical gear, earthy tones, trail backdrops—keeping the collage layout, close-ups, and full-body pair compositions."
1280w-sqmHAnUAgsI,8,Typography Style Shift,"text,style,global","Switch all headings and captions to uppercase thin tall serif in deep charcoal, replacing sans-serif to achieve a refined editorial tone."
1280w-sqmHAnUAgsI,9,Accent Recolor,"color,local",Recolor all white sunglasses frames in the collage to deep forest green #184D3A for a cohesive accent.
1280w-sqmHAnUAgsI,10,Background Replacement,"image,color,global","Replace all urban backgrounds with a unified deep charcoal #111 skyline-at-dusk backdrop, ensuring strong contrast with white outfits and consistent lighting across every panel."
1280w-sqmHAnUAgsI,11,Hierarchy Adjustment,"layout,text,global",Enlarge the bottom-right duo photo to a full-width hero occupying the top two-thirds; reduce and align the remaining images as small thumbnails in a single row beneath.
1280w-sqmHAnUAgsI,12,Contrast & Readability Enhancement,"color,style,local",Add soft #1A1A1A 10% shadow overlays under white outfit edges across all panels to increase garment separation from bright backgrounds.
1280w-sqmHAnUAgsI,13,Add Secondary Text Block,"text,layout,local",Add a small uppercase sans-serif subtitle “Effortless Summer Layers” in deep charcoal (#222222) over the lower pavement area of the central image to rebalance spacing.
1280w-sqmHAnUAgsI,14,Theme Restyling,"style,color,global","Convert to a winter holiday theme: swap backgrounds for subtle snowflake patterns, change accents to #0B5D4B, #7A1F2B, and #D4AF37, add thin gold borders; keep layout and photos unchanged."
1280w-ubETEQUW1cc,0,Color Palette Variation,"color,global","Replace the pink–magenta to orange background gradient with a cool palette: deep navy #0A1026 blending to teal #00C7B1 and violet #7A00FF, retaining white text for readability."
1280w-ubETEQUW1cc,1,Translation,"text,global","Translate all visible text to Spanish, leaving the date, address, and phone unchanged."
1280w-ubETEQUW1cc,2,2-Element Layout Swap,"layout,global","Swap the oversized ""pride"" headline at top-left with the oversized ""parade"" at bottom-left, placing ""parade"" across the top and ""pride"" along the bottom with balanced margins."
1280w-ubETEQUW1cc,3,Global Layout Change,"layout,global","Rebuild layout into a two-column grid: place the giant ""pride parade"" as a centered full-width header, stack event details left, stack address/registration/contact right, add equal margins and consistent spacing."
1280w-ubETEQUW1cc,4,Object Removal,"layout,local",Remove 'JOIN THE CELEBRATION!' and 'SHOW YOUR COLORS AND MARCH WITH US!'; center and slightly enlarge '29\06'; vertically align the address and 'MORE INFO' columns to rebalance.
1280w-ubETEQUW1cc,5,Object Addition,"layout,local","Add a small rainbow flag icon to the right of ""SHOW YOUR COLORS AND MARCH WITH US!"" to complement the theme and fill the upper-right space."
1280w-ubETEQUW1cc,6,Copy Expansion,"text,layout,global","Expand ""SHOW YOUR COLORS AND MARCH WITH US!"" into: SHOW YOUR COLORS AND MARCH WITH US; BRING FRIENDS, CELEBRATE LOVE, AND STAND PROUDLY TOGETHER AS WE ADVOCATE FOR EQUALITY."
1280w-ubETEQUW1cc,7,Image Replacement,"image,layout,local","Replace the pink-orange gradient background with a midnight-blue to purple aurora gradient featuring faint stars, preserving the large white text placement and overall layout."
1280w-ubETEQUW1cc,8,Typography Style Shift,"text,style,global","Switch the giant “pride” and “parade” titles to tall serif in title case, replacing bold sans-serif, to give the poster a more elegant, refined tone."
1280w-ubETEQUW1cc,9,Accent Recolor,"color,local","Recolor the large ""29\06"" date text from white to deep indigo #3D2E8C to create a stronger focal point against the pink-orange gradient."
1280w-ubETEQUW1cc,10,Background Replacement,"image,color,global","Replace the pink-orange texture background with a soft diagonal pastel rainbow gradient, ensuring high contrast with white text and keeping margins clean."
1280w-ubETEQUW1cc,11,Hierarchy Adjustment,"layout,text,global",Make '29\06' the main focal point: center it and enlarge to huge title size in #FFFFFF; scale down and fade 'pride/parade' to low-opacity background elements.
1280w-ubETEQUW1cc,12,Contrast & Readability Enhancement,"color,style,local","Change all small white body text (top-right, center, and bottom info blocks) to deep indigo #2D0A5C to improve contrast against the light pink-orange gradient."
1280w-ubETEQUW1cc,13,Add Secondary Text Block,"text,layout,local","Insert a small italic sans-serif quote ""ALL LOVE, ALL EQUAL"" in white at top-right, aligned right beneath ""SHOW YOUR COLORS AND MARCH WITH US!"""
1280w-ubETEQUW1cc,14,Theme Restyling,"style,color,global","Restyle for a winter holiday parade: change background to blue gradient (#0BBBF2–#EAF6FF), add white snowflakes in corners, update title to ""winter parade"" and date to 12/12, keep layout."
1600w-00kdfU4MHKA,0,Color Palette Variation,"color,global","Recolor to warm earthy mode: set background warm sand #F2E9E4, change black typography to deep forest green #184D3A, shift gray elements to olive #556B2F and charcoal #2E2E2E for contrast."
1600w-00kdfU4MHKA,1,Translation,"text,global",Replace the left headline 'FASHION STYLE MOOD BOARD' with Spanish 'TABLERO DE INSPIRACIÓN DE ESTILO DE MODA' in the same uppercase bold black style.
1600w-00kdfU4MHKA,2,2-Element Layout Swap,"layout,global","Swap the large stacked headline and the image collage: move the headline to the right, right-aligned, and shift the collage to the left, maintaining equal side margins for balance."
1600w-00kdfU4MHKA,3,Global Layout Change,"layout,global",Switch to a 3-column grid; center the title in a full-width top header; distribute all visuals uniformly across columns; add equal gutters and margins; align everything to baseline grid.
1600w-00kdfU4MHKA,4,Object Removal,"layout,local",Remove the beige cap in the top-right; shift the hand holding sunglasses photo right and move the black sunglasses upward to evenly fill the resulting space.
1600w-00kdfU4MHKA,5,Object Addition,"layout,local","Add a small minimalist hanger icon in dark charcoal (#2B2B2B) to the top-right empty space above the hat, slightly tilted to match the collage accents and balance the layout."
1600w-00kdfU4MHKA,6,Copy Expansion,"text,layout,global","Expand the left “FASHION STYLE MOOD BOARD” stack into a left-aligned body paragraph 2–3× longer, summarizing the monochrome streetwear mood, while preserving bold uppercase tone and column width."
1600w-00kdfU4MHKA,7,Image Replacement,"image,layout,local","Swap the monochrome streetwear product photos and model shots for colorful summer beachwear items and sunlit lifestyle images, maintaining the collage composition and hand-drawn accents."
1600w-00kdfU4MHKA,8,Typography Style Shift,"text,style,global","Switch the ""FASHION STYLE MOOD BOARD"" headline to a tall serif, light weight, title-case with wider tracking for a refined, editorial tone."
1600w-00kdfU4MHKA,9,Accent Recolor,"color,local","Recolor the large left-side ""FASHION STYLE MOOD BOARD"" headline from black to deep forest green #184D3A."
1600w-00kdfU4MHKA,10,Background Replacement,"image,color,global",Replace the light gray background with a subtle warm beige gradient (#F6EFE6 to #E8D9C6) to add a cozy mood while maintaining strong contrast for the black headings and images.
1600w-00kdfU4MHKA,11,Hierarchy Adjustment,"layout,text,global",Enlarge the central gray hoodie to dominate and center it; shrink the “FASHION STYLE MOOD BOARD” text and change its color to medium gray #7A7A7A.
1600w-00kdfU4MHKA,12,Contrast & Readability Enhancement,"color,style,local",Apply a subtle #000000/20% soft drop shadow to all light-gray cutouts and photo tiles to boost edge contrast against the pale background.
1600w-00kdfU4MHKA,13,Add Secondary Text Block,"text,layout,local","Add a small sans-serif subtitle 'Monochrome streetwear essentials' at the top-right above the collage, right-aligned, in #6B6B6B to rebalance negative space."
1600w-00kdfU4MHKA,14,Theme Restyling,"style,color,global",Restyle to winter holidays: set background snowy white; change accents to deep forest green #184D3A and cranberry #B80F2B; swap apparel images for cozy knitwear and festive accessories; keep layout unchanged.
1600w-1HZYAUid2AE,0,Color Palette Variation,"color,global","Replace purple galaxy with light mode gradient #F7FBFF–#E6F2FF; set headings deep navy #0C1A3B, body text #4A5A6A; change CTA to teal #00B2A9 with white text and matching accents."
1600w-1HZYAUid2AE,1,Translation,"text,global","Translate all on-image English text to Spanish: headline 'AGENCIA DE MARKETING DIGITAL', subtext 'Soporte súper rápido y actualizaciones en tiempo real dondequiera que estés.', button 'MÁS INFORMACIÓN'."
1600w-1HZYAUid2AE,2,2-Element Layout Swap,"layout,global","Swap positions: place the hero phone image left; move the headline, subtext, and Learn More button right, keeping vertical center alignment and balanced emojis."
1600w-1HZYAUid2AE,3,Global Layout Change,"layout,global","Rebuild layout into a clean two-column grid: place phone/hero left, stack headline, subtext, and CTA right; move footer info to a slim top bar; align emojis along right margin."
1600w-1HZYAUid2AE,4,Object Removal,"layout,local","Remove the floating reaction emojis and cloud; slightly enlarge the phone and shift it right to fill space, then nudge the “LEARN MORE” button up for balanced left-column spacing."
1600w-1HZYAUid2AE,5,Object Addition,"layout,local","Add a small white rocket illustration in the top-right corner, angled upward, to complement the emojis and balance the phone composition."
1600w-1HZYAUid2AE,6,Copy Expansion,"text,layout,global","Expand subhead to: Super fast support and real-time updates wherever you are, with proactive check-ins, clear timelines, and instant responses so campaigns stay optimized, measurable, moving forward."
1600w-1HZYAUid2AE,7,Image Replacement,"image,layout,local","Swap the man-in-phone laptop scene with a female analyst reviewing charts on a tablet, retaining layout while replacing emojis with minimal analytics icons and small graph elements."
1600w-1HZYAUid2AE,8,Typography Style Shift,"text,style,global","Switch all text to a tall serif and title case, keeping body text regular weight, to shift the tone from playful to elegant."
1600w-1HZYAUid2AE,9,Accent Recolor,"color,local",Recolor the “LEARN MORE” button background to bright cyan #00E5FF; keep the text white and the button shape unchanged.
1600w-1HZYAUid2AE,10,Background Replacement,"image,color,global","Replace the purple galaxy background with a deep navy-to-indigo gradient with faint diagonal tech lines; keep left side darker for text, right side lighter behind the phone."
1600w-1HZYAUid2AE,11,Hierarchy Adjustment,"layout,text,global","Make the yellow Learn More button the focal point: enlarge it, move to center overlapping the phone edge, set text to uppercase bold, and reduce headline size/contrast."
1600w-1HZYAUid2AE,12,Contrast & Readability Enhancement,"color,style,local","Add a semi-transparent deep violet (#2B0E5A, ~35% opacity) rectangular overlay behind the left-aligned headline and tagline to increase contrast and readability without changing the composition."
1600w-1HZYAUid2AE,13,Add Secondary Text Block,"text,layout,local","Add a small uppercase sans-serif tagline ""Trusted by 500+ brands"" in #E6F0FF at the top-right above the phone, right-aligned, with slight letterspacing to balance space."
1600w-1HZYAUid2AE,14,Theme Restyling,"style,color,global","Restyle to winter holiday: use deep midnight blue #0A1B3D background with snowflakes, replace emojis with red ornaments, change CTA and accents to evergreen #0C5C3C, preserve existing layout."
1600w-3BBdsD4EXsY,0,Color Palette Variation,"color,global","Recolor to a cool palette: background pale sage #EAF3E0, easel deep forest green #184D3A, canvas soft cream #FFF3E6, text dark charcoal #222222."
1600w-3BBdsD4EXsY,1,Translation,"text,global","Replace the headline with Spanish: ""HAZ LAS COSAS A TU PROPIO RITMO. LA VIDA NO ES UNA CARRERA."" in uppercase bold, matching existing placement and color."
1600w-3BBdsD4EXsY,2,2-Element Layout Swap,"layout,global","Swap positions: shift the easel illustration to the right half and move the quote text off the canvas to the left half, left-aligned, keeping both vertically centered."
1600w-3BBdsD4EXsY,3,Global Layout Change,"layout,global","Rebuild the layout asymmetrically: shift the entire easel/canvas group bottom-right, add a tall left sidebar in deep forest green, and apply a 10-column grid with generous outer margins."
1600w-3BBdsD4EXsY,4,Object Removal,"layout,local",Remove the small circular hole at the easel top; slightly raise and re-center the pink canvas and text to maintain balance.
1600w-3BBdsD4EXsY,5,Object Addition,"layout,local",Add a small deep forest green (#184D3A) snail illustration to the bottom-right corner of the pink canvas for balance.
1600w-3BBdsD4EXsY,6,Copy Expansion,"text,layout,global","Replace text with: ""DO THINGS AT YOUR OWN PACE. LIFE'S NOT A RACE. TAKE SMALL, STEADY STEPS; BREATHE, REST, AND KEEP GOING—PROGRESS COUNTS EVEN WHEN IT'S QUIET AND SLOW."""
1600w-3BBdsD4EXsY,7,Image Replacement,"image,layout,local","Replace the easel and canvas illustration with a standing chalkboard on a wooden frame, keeping the centered rectangular board for the quote and the same warm palette."
1600w-3BBdsD4EXsY,8,Typography Style Shift,"text,style,global",Replace the playful rounded uppercase with a tall serif in title case and light weight to shift the tone to elegant.
1600w-3BBdsD4EXsY,9,Accent Recolor,"color,local",Change the quote text color to deep forest green #184D3A.
1600w-3BBdsD4EXsY,10,Background Replacement,"image,color,global","Replace the flat beige background with a soft sky-blue gradient from #DFF5FF to #A8D8FF, keeping ample contrast around the easel so the canvas and text remain clearly legible."
1600w-3BBdsD4EXsY,11,Hierarchy Adjustment,"layout,text,global","Make the easel focal by scaling it up 30%, darkening to rust #A4442C, and reduce the quote to small, lighter #7A6F6F text aligned bottom-center of the paper."
1600w-3BBdsD4EXsY,12,Contrast & Readability Enhancement,"color,style,local",Change the quote text color to #111111 to increase contrast against the light pink card.
1600w-3BBdsD4EXsY,13,Add Secondary Text Block,"text,layout,local","Add a small italic subtitle below the main quote on the canvas: ""Gentle reminder to be kind to yourself,"" in deep terracotta #C1533A, centered with generous letterspacing."
1600w-3BBdsD4EXsY,14,Theme Restyling,"style,color,global","Convert to winter holiday theme: set background #0D3B2A, canvas off-white, add subtle snowflakes and string lights around edges, recolor easel warm wood #8C4A2F, set text uppercase bold bright red."
1600w-3FMwHZotkUM,0,Color Palette Variation,"color,global","Shift palette: replace lime-green background with warm ivory #FFF6E5, set headings/buttons to deep charcoal #1E1E1E with white text, use soft coral #FF7A70 for accents and card borders."
1600w-3FMwHZotkUM,1,Translation,"text,global","Translate all visible text to Spanish: headline 'Formas de colaborar'; button 'Colabora con nosotros'; captions 'Contenido patrocinado', 'Embajadores de marca', 'Reseñas de productos', 'Sorteos y concursos'."
1600w-3FMwHZotkUM,2,2-Element Layout Swap,"layout,global","Swap positions: move “Ways to collaborate” to the right and place the “Collaborate with us” button on the left, aligned to the top, keeping equal margins and balanced spacing."
1600w-3FMwHZotkUM,3,Global Layout Change,"layout,global","Restructure layout: center the title, place the CTA beneath, change four cards to a responsive 2x2 grid with equal gutters, add wide vertical padding and a contrasting background band."
1600w-3FMwHZotkUM,4,Object Removal,"layout,local","Remove the top-right ""Collaborate with us"" button; slightly enlarge the ""Ways to collaborate"" heading and center the four cards horizontally with even gutters to maintain balance."
1600w-3FMwHZotkUM,5,Object Addition,"layout,local","Add a small black handshake icon to the left of the “Collaborate with us” button, vertically centered, to balance the header space."
1600w-3FMwHZotkUM,6,Copy Expansion,"text,layout,global","Expand the ""Sponsored content"" caption into a 2–3 sentence paragraph detailing deliverables, channels, and timeline; keep tone friendly, body size, sans-serif, and maintain balance underneath the first image."
1600w-3FMwHZotkUM,7,Image Replacement,"image,layout,local","Replace the “Product reviews” orange mushroom lamp photo with a similarly centered image of a minimal white ceramic vase on stacked books, conveying serene, minimalist decor."
1600w-3FMwHZotkUM,8,Typography Style Shift,"text,style,global","Switch all text to tall serif with regular weight, and set headings in title case to shift the tone from playful to elegant."
1600w-3FMwHZotkUM,9,Accent Recolor,"color,local","Change the “Collaborate with us” pill button fill from black to deep forest green #184D3A, keeping the text white."
1600w-3FMwHZotkUM,10,Background Replacement,"image,color,global",Replace the light green page background with a soft off-white gradient from #F9FAFB (top) to #EDEFF2 (bottom) to create a clean mood and maintain strong contrast with black text.
1600w-3FMwHZotkUM,11,Hierarchy Adjustment,"layout,text,global","Make the 'Product reviews' card dominant: scale it to double width, center it above the others, and reduce the headline to smaller, lighter sans-serif."
1600w-3FMwHZotkUM,12,Contrast & Readability Enhancement,"color,style,local",Outline the small corner star icons on each image with a thin #000000 stroke and subtle shadow to increase contrast against the busy photo backgrounds.
1600w-3FMwHZotkUM,13,Add Secondary Text Block,"text,layout,local","Add a left-aligned, small sans-serif subtitle beneath 'Ways to collaborate': 'Choose formats that fit your brand and goals,' in #333333, with extra spacing above the image grid."
1600w-3FMwHZotkUM,14,Theme Restyling,"style,color,global","Restyle for winter holidays: set background deep forest green with subtle snowflakes, change button to crimson with white text, and headings to uppercase bold white; keep layout unchanged."
1600w-4gpfnsQOREQ,0,Color Palette Variation,"color,global","Recolor to night mode: set background #0B132B, modal #1F2937, text/icons #E5E7EB, and divider/button accents #7DD3FC; keep typography and layout unchanged."
1600w-4gpfnsQOREQ,1,Translation,"text,global","Translate the headline and dialog text to Spanish, changing to ""RECORDATORIO"", ""Tu productividad no te define."", and buttons ""Sí"" and ""No""."
1600w-4gpfnsQOREQ,2,2-Element Layout Swap,"layout,global","Swap the envelope icon and reminder card positions: center the card near the top, and place the icon at the bottom center to preserve balance."
1600w-4gpfnsQOREQ,3,Global Layout Change,"layout,global","Convert to a split-screen layout: place the phone centered on a white left half, float the reminder card centered on a #F6CAD3 right half, and add generous outer padding."
1600w-4gpfnsQOREQ,4,Object Removal,"layout,local","Remove the envelope notification icon above the dialog, then vertically center the white REMINDER popup within the phone screen to balance the layout."
1600w-4gpfnsQOREQ,5,Object Addition,"layout,local","Add a small close “×” icon in soft gray (#8E9399) at the modal’s top-right corner, aligned to its inner padding and evenly offset from the rounded edge."
1600w-4gpfnsQOREQ,6,Copy Expansion,"text,layout,global","Expand the body text under REMINDER to: ""Your productivity doesn’t define you. Your worth is constant—rest and small, honest steps matter just as much."""
1600w-4gpfnsQOREQ,7,Image Replacement,"image,layout,local","Replace the smartphone UI with a tablet showing a mindfulness theme; swap the envelope icon for a lotus, retaining the centered notification card and soft pink background."
1600w-4gpfnsQOREQ,8,Typography Style Shift,"text,style,global","Replace all text with a tall serif; set REMINDER to small caps, convert body quote to italic sentence case, and buttons to regular serif for an elegant feel."
1600w-4gpfnsQOREQ,9,Accent Recolor,"color,local","Recolor the ""REMINDER"" heading text to muted rose #C86A7A."
1600w-4gpfnsQOREQ,10,Background Replacement,"image,color,global","Replace the pink background with a matte deep navy (#0D1B2A) gradient to evoke a calm night mood, maintaining high contrast and clear legibility around the phone and notification card."
1600w-4gpfnsQOREQ,11,Hierarchy Adjustment,"layout,text,global",Make the envelope icon dominant: enlarge it to huge centered size and darken to deep navy #0D1B2A; shrink the reminder card slightly and lighten its text to soft gray.
1600w-4gpfnsQOREQ,12,Contrast & Readability Enhancement,"color,style,local","Darken the body text and Yes/No labels to #1F2A33, and add a subtle 10% black shadow to the white popup card to improve edge contrast."
1600w-4gpfnsQOREQ,13,Add Secondary Text Block,"text,layout,local","Add a small italic sans-serif caption ""Pause and breathe."" centered just above the pink divider line, in soft rose #E8B8C4."
1600w-4gpfnsQOREQ,14,Theme Restyling,"style,color,global","Restyle for winter holidays: switch background to deep forest green, replace envelope with small snowflake, change divider line and Yes/No text to gold (#D4AF37), keep layout."
1600w-6ODHj5q4uMY,0,Color Palette Variation,"color,global","Recolor to a cool blue palette: use soft sky-blue bokeh background, whitewashed wood surface, and set all quote text and marks to deep navy #0A2E6D."
1600w-6ODHj5q4uMY,1,Translation,"text,global","Translate the quote to Spanish, keeping uppercase: ""QUIEN QUIERA MOVER EL MUNDO, QUE PRIMERO SE MUEVA A SÍ MISMO."""
1600w-6ODHj5q4uMY,2,2-Element Layout Swap,"layout,global",Swap positions of the quote text and the wooden tabletop: place the tabletop at the top third and move the quote to the bottom-center.
1600w-6ODHj5q4uMY,3,Global Layout Change,"layout,global","Convert to a vertical poster: center the quote within a white card, reduce the wood to a narrow bottom strip, add wide margins and balanced padding around all sides."
1600w-6ODHj5q4uMY,4,Object Removal,"layout,local",Remove the top-left and bottom-right quotation mark corner graphics; center the quote horizontally and vertically for balance against the green bokeh background.
1600w-6ODHj5q4uMY,5,Object Addition,"layout,local","Add a small minimalist globe icon in deep forest green on the lower-right above the wooden surface, balancing the quote and matching the line weight of the quotation marks."
1600w-6ODHj5q4uMY,6,Copy Expansion,"text,layout,global","Expand quote to: ""LET HIM THAT WOULD MOVE THE WORLD FIRST MOVE HIMSELF; BEGIN WITH HUMBLE, CONSISTENT ACTIONS, BUILDING COURAGE AND PURPOSE UNTIL YOUR QUIET EFFORTS INSPIRE OTHERS."""
1600w-6ODHj5q4uMY,7,Image Replacement,"image,layout,local","Replace the green bokeh forest background with a moody dusk city skyline bokeh, keeping the wooden tabletop and quote layout unchanged."
1600w-6ODHj5q4uMY,8,Typography Style Shift,"text,style,global",Switch the quote text to a tall serif to shift the tone from playful to elegant.
1600w-6ODHj5q4uMY,9,Accent Recolor,"color,local",Recolor the main quote text to midnight blue #1E3A5F.
1600w-6ODHj5q4uMY,10,Background Replacement,"image,color,global","Replace the green bokeh background with a deep matte navy (#0B1A2A) to black gradient, retain the wooden table and quote, ensuring high contrast and centered legibility."
1600w-6ODHj5q4uMY,11,Hierarchy Adjustment,"layout,text,global","Shrink the quote text to small italic, move it bottom-right, and recolor it to muted brown #6B4E3D so the blurred green background becomes the primary focal point."
1600w-6ODHj5q4uMY,12,Contrast & Readability Enhancement,"color,style,local","Place a soft deep forest green (#184D3A, 35% opacity) rectangular overlay behind the quote text and quote marks to improve contrast and readability."
1600w-6ODHj5q4uMY,13,Add Secondary Text Block,"text,layout,local","Add a small italic subtitle '— Socrates' right-aligned beneath the main quote, in deep brown #4A3328, with slight tracking, keeping equal margin from the surrounding quote-corner graphics."
1600w-6ODHj5q4uMY,14,Theme Restyling,"style,color,global","Convert to an autumn theme: replace background with warm amber foliage bokeh; keep wood; recolor text deep forest green, accents #C65A1E; add small maple leaves beside the corner quotes."
1600w-7YZFYlcCTPk,0,Color Palette Variation,"color,global",Change the red background to deep teal #0F3D3E; set all text to soft ivory #FAF7F0; recolor the bulb to warm ivory with charcoal socket; retain existing shadows.
1600w-7YZFYlcCTPk,1,Translation,"text,global","Translate 'STAY TUNED' to 'MANTENTE ATENTO' and 'COMING SOON' to 'PRÓXIMAMENTE', preserving layout and styles; keep @REALLYGREATSITE unchanged."
1600w-7YZFYlcCTPk,2,2-Element Layout Swap,"layout,global","Swap the hanging light bulb with the 'COMING SOON' headline: move bulb to bottom center and place headline at top center, keeping 'STAY TUNED' above and handle centered below."
1600w-7YZFYlcCTPk,3,Global Layout Change,"layout,global",Convert to split-screen layout: left half red with centered lightbulb; right half white with stacked centered text; move @REALLYGREATSITE to a bottom-right footer bar.
1600w-7YZFYlcCTPk,4,Object Removal,"layout,local","Remove the hanging lightbulb; center ""COMING SOON"" vertically, keep ""STAY TUNED"" above with comfortable spacing, and keep ""@REALLYGREATSITE"" bottom-centered."
1600w-7YZFYlcCTPk,5,Object Addition,"layout,local","Add a small white calendar icon above '@REALLYGREATSITE', centered horizontally with a modest gap."
1600w-7YZFYlcCTPk,6,Copy Expansion,"text,layout,global","Expand ""STAY TUNED"" into a body paragraph in white: ""Stay tuned—exciting updates and sneak peeks are coming soon. Keep watching here to be first to know and spread the word."""
1600w-7YZFYlcCTPk,7,Image Replacement,"image,layout,local","Replace the hanging light bulb with a suspended vintage microphone, maintaining central placement and shadow, shifting the mood to a podcast launch while retaining the red background."
1600w-7YZFYlcCTPk,8,Typography Style Shift,"text,style,global","Switch the ""COMING SOON"" headline to a tall serif uppercase to create an elegant tone."
1600w-7YZFYlcCTPk,9,Accent Recolor,"color,local","Recolor the lightbulb’s glass from white to warm amber #FFC107, keeping the background and text colors unchanged."
1600w-7YZFYlcCTPk,10,Background Replacement,"image,color,global","Replace the red background with a dark midnight-blue gradient (#0B1A3A to #081022) with faint bokeh light specks, ensuring the bulb and white text remain crisp and readable."
1600w-7YZFYlcCTPk,11,Hierarchy Adjustment,"layout,text,global","Enlarge and center the light bulb to dominate; reduce “COMING SOON” to medium weight, recolor to #B3B3B3, and move it lower to shift focus."
1600w-7YZFYlcCTPk,12,Contrast & Readability Enhancement,"color,style,local","Deepen the drop shadow behind ""COMING SOON"" to #1A1A1A, increase opacity, and slightly enlarge blur for improved legibility against the red background."
1600w-7YZFYlcCTPk,13,Add Secondary Text Block,"text,layout,local","Insert a small uppercase sans-serif subtitle 'Exciting updates ahead' in #FFFFFF, centered below 'STAY TUNED' and above 'COMING SOON' to balance spacing."
1600w-7YZFYlcCTPk,14,Theme Restyling,"style,color,global","Restyle for winter holidays: switch background to deep forest green (#184D3A), replace bulb with gold ornament, add faint white snowflakes, keep layout, change ""STAY TUNED"" to ""HOLIDAY PREVIEW""."
1600w-9JTrLkx-Ppg,0,Color Palette Variation,"color,global","Replace the black/charcoal background, white text, and purple accents with a light palette: warm ivory (#F9F7F2) background, charcoal (#2B2B2B) text, and deep forest green (#184D3A) accents."
1600w-9JTrLkx-Ppg,1,Translation,"text,global","Translate the headline “Business Consultant” to Spanish as “Consultora de Negocios” and translate all remaining English text to Spanish; keep “Juliana Silva”, “Fauget Co.”, and the URL unchanged."
1600w-9JTrLkx-Ppg,2,2-Element Layout Swap,"layout,global","Swap the right-side portrait with the left-side headline block, placing the photo left and the name/title right, keeping equal side margins and aligning both vertically centered."
1600w-9JTrLkx-Ppg,3,Global Layout Change,"layout,global","Rebuild into a centered vertical layout: use full-bleed background image with dark overlay, place all text in a white card, add top header for logo and bottom footer for website."
1600w-9JTrLkx-Ppg,4,Object Removal,"layout,local",Remove the bottom-right “www.reallygreatsite.com” URL; move the small bio paragraph to the bottom-right to balance the composition while keeping the name/title left-aligned.
1600w-9JTrLkx-Ppg,5,Object Addition,"layout,local","Add a small #6A4CFF briefcase icon to the left of “Business Consultant,” baseline-aligned with the text and spaced slightly to integrate cleanly."
1600w-9JTrLkx-Ppg,6,Copy Expansion,"text,layout,global","Expand the bottom-left bio paragraph to 2–3× length, adding concise details on specialties, industries, and achievements since 2015; maintain body size, left alignment, and current white text."
1600w-9JTrLkx-Ppg,7,Image Replacement,"image,layout,local","Replace the right-side corporate headshot with a similarly framed, half-body photo of a cheerful creative designer holding a sketchbook, maintaining the dark backdrop and side lighting."
1600w-9JTrLkx-Ppg,8,Typography Style Shift,"text,style,global","Switch the “Juliana Silva” headline to a tall serif, title case, lighter weight to shift the tone from bold corporate to elegant."
1600w-9JTrLkx-Ppg,9,Accent Recolor,"color,local","Recolor the ""Business Consultant"" subheading from purple to deep forest green #184D3A."
1600w-9JTrLkx-Ppg,10,Background Replacement,"image,color,global","Replace the black backdrop with a deep navy (#0B1F3B) to teal (#0E6E6D) gradient, preserving strong contrast around the subject and typography."
1600w-9JTrLkx-Ppg,11,Hierarchy Adjustment,"layout,text,global","Scale the portrait to cover 70% of the canvas and shrink the headline to medium size, repositioning it bottom-left so the image becomes the dominant focal point."
1600w-9JTrLkx-Ppg,12,Contrast & Readability Enhancement,"color,style,local",Add a 30% black rounded rectangle behind the bottom-right URL and change the “Business Consultant” text color to brighter #A386FF to improve contrast.
1600w-9JTrLkx-Ppg,13,Add Secondary Text Block,"text,layout,local","Add a small sans-serif tagline 'Guiding growth with strategic insight' in #A0A0A0 below the 'Fauget Co.' mark, left-aligned, with comfortable letterspacing to balance the top-left empty space."
1600w-9JTrLkx-Ppg,14,Theme Restyling,"style,color,global","Convert to festive holiday theme: replace black background with deep forest green, change accent purple to #C8102E, add small #D4AF37 star divider icons, keep layout unchanged."
1600w-9czv6kB-DXc,0,Color Palette Variation,"color,global","Replace the blue/red/yellow/white/black palette with midnight navy (#0B1026) background, white bubble, neon teal 'NEWS' block, vivid magenta 'UPDATE' block, and lime (#C9F400) megaphone accents for strong contrast and legibility."
1600w-9czv6kB-DXc,1,Translation,"text,global",Translate all text to Spanish: change 'NEWS UPDATE' to 'ACTUALIZACIÓN DE NOTICIAS' and 'See our update on our earlier story.' to 'Consulta la actualización de nuestra noticia anterior.'
1600w-9czv6kB-DXc,2,2-Element Layout Swap,"layout,global","Swap the megaphone on the right with the “NEWS UPDATE” banner on the left, keeping both similarly sized and vertically centered to maintain balance around the speech bubble."
1600w-9czv6kB-DXc,3,Global Layout Change,"layout,global","Switch to vertical stack: top banner “NEWS UPDATE”, middle body text, bottom megaphone; remove speech bubble; use full-bleed #0A74B8 background with white card container and wide padding."
1600w-9czv6kB-DXc,4,Object Removal,"layout,local",Remove the three black lightning bolt icons near the megaphone; move the megaphone slightly up-left and increase the body text size a bit to maintain balance.
1600w-9czv6kB-DXc,5,Object Addition,"layout,local",Add a small newspaper icon at the bottom-left of the speech bubble in dark gray #333 with white accents to balance the megaphone.
1600w-9czv6kB-DXc,6,Copy Expansion,"text,layout,global","Expand the speech-bubble body text to: ""See our update on our earlier story, including key developments, clarifications, and next steps. Check back for more details as the situation evolves."""
1600w-9czv6kB-DXc,7,Image Replacement,"image,layout,local","Replace the megaphone illustration and lightning bolts with a ringing smartphone and app notification icons, maintaining the white speech bubble and overall blue layout."
1600w-9czv6kB-DXc,8,Typography Style Shift,"text,style,global","Replace all fonts with a tall serif—headlines in uppercase bold, body copy in regular sentence case—to shift the tone from sensational to authoritative."
1600w-9czv6kB-DXc,9,Accent Recolor,"color,local","Change the red ""UPDATE"" banner to deep forest green (#184D3A)."
1600w-9czv6kB-DXc,10,Background Replacement,"image,color,global","Replace the flat blue background with a gradient from #0B1D39 to #1E3A8A, keeping the white speech bubble, NEWS UPDATE banner, and megaphone fully legible."
1600w-9czv6kB-DXc,11,Hierarchy Adjustment,"layout,text,global",Make the megaphone dominant: enlarge it 60% and center in the bubble; shrink the “NEWS UPDATE” banner to 50% and recolor its blocks light gray #E5E7EB.
1600w-9czv6kB-DXc,12,Contrast & Readability Enhancement,"color,style,local","Darken the red ""UPDATE"" banner to #B4001E and add a thin #0B0B0B stroke to the white letters to increase contrast and legibility."
1600w-9czv6kB-DXc,13,Add Secondary Text Block,"text,layout,local","Add a small uppercase sans-serif subtitle under the main text reading ""UPDATED 2:30 PM ET"" in #555555, left-aligned with the paragraph, with modest letter-spacing."
1600w-9czv6kB-DXc,14,Theme Restyling,"style,color,global","Restyle to winter holiday theme: change background to deep navy, recolor banners crimson and pine green, add small snowflakes around bubble, add a tiny Santa hat on the megaphone."
1600w-9eXC-dXI0uE,0,Color Palette Variation,"color,global","Switch the purple (#7B2CF6), black, and light-gray palette to ocean teal accents (#0D9488), charcoal text (#1F2937), warm ivory background (#FFF8E7), and teal-outlined CTA with matching headline highlights."
1600w-9eXC-dXI0uE,1,Translation,"text,global","Translate the headline to Spanish: “déjanos encargarnos de tu próximo proyecto de marketing” and the CTA button to “contáctanos”, preserving existing typography, weights, and layout."
1600w-9eXC-dXI0uE,2,2-Element Layout Swap,"layout,global","Swap the man-with-laptop image to the left and move the headline text block to the right, keeping the contact us button below it and vertically centering both columns."
1600w-9eXC-dXI0uE,3,Global Layout Change,"layout,global","Switch to a two-column grid: left full-height imagery, right stacked messaging; add a fixed top nav; finish with a full-width footer holding CTA and branding; maintain equal gutters and margins."
1600w-9eXC-dXI0uE,4,Object Removal,"layout,local",Remove the purple oval around “handle”; move the headline up 12px and nudge the “contact us” button 8px closer to it to keep the left column balanced.
1600w-9eXC-dXI0uE,5,Object Addition,"layout,local","Insert a small #6A1B9A paper-plane icon inside the “contact us” button, aligned to the right of the text, maintaining button padding and stroke weight."
1600w-9eXC-dXI0uE,6,Copy Expansion,"text,layout,global","Expand the left headline into this longer paragraph: ""let us handle your next marketing project with strategy, creative execution, and growth, guiding branding and campaigns from kickoff to launch."""
1600w-9eXC-dXI0uE,7,Image Replacement,"image,layout,local","Replace the main photo of the relaxed man with a focused designer sketching app wireframes on a tablet, preserving lounge pose, neutral background, and the purple side panel."
1600w-9eXC-dXI0uE,8,Typography Style Shift,"text,style,global","Change all headline text to tall serif, light weight, title case for a more elegant tone."
1600w-9eXC-dXI0uE,9,Accent Recolor,"color,local","Recolor the ""contact us"" button outline and text to teal #2EC4B6."
1600w-9eXC-dXI0uE,10,Background Replacement,"image,color,global",Replace the light gray background with a warm off-white textured paper background (#F8F5EF) to add warmth while keeping text and subject clear.
1600w-9eXC-dXI0uE,11,Hierarchy Adjustment,"layout,text,global","Make the seated man photo the dominant focal point: scale it up 30%, center it, reduce headline opacity to 60% and size to subheading, keep button near photo bottom-left."
1600w-9eXC-dXI0uE,12,Contrast & Readability Enhancement,"color,style,local",Fill the “contact us” pill with deep violet #5E2CAE and change its text to white to improve contrast against the light gray background.
1600w-9eXC-dXI0uE,13,Add Secondary Text Block,"text,layout,local","Add a small uppercase sans-serif label ""FULL-SERVICE DIGITAL AGENCY"" above the headline, left-aligned, in #6B6B6B to balance the negative space."
1600w-9eXC-dXI0uE,14,Theme Restyling,"style,color,global","Restyle for winter holidays: swap purple to pine green #0B5D3B and cranberry #B02038, add small snowflake icons around headline, change button to “book a call,” keep structure."
1600w-A9ARWpzo3xk,0,Color Palette Variation,"color,global",Replace the off-white background with deep indigo #0E1A36 and switch the black logo and text to warm ivory #FFF3E6 to maintain high-contrast minimalism.
1600w-A9ARWpzo3xk,1,Translation,"text,global",Translate headline “ego” to Japanese “エゴ”; change “CREATIVE STUDIO” to “クリエイティブスタジオ”; change “SINCE 2025” to “2025年設立”.
1600w-A9ARWpzo3xk,2,2-Element Layout Swap,"layout,global","Swap “CREATIVE STUDIO” and “SINCE 2025,” placing “CREATIVE STUDIO” bottom-right and “SINCE 2025” bottom-left, maintaining equal margins from the centered logo."
1600w-A9ARWpzo3xk,3,Global Layout Change,"layout,global","Reframe to a vertical split layout: anchor logo full-height on left column, stack “CREATIVE STUDIO” and “SINCE 2025” centered in a right column; increase outer margins and whitespace."
1600w-A9ARWpzo3xk,4,Object Removal,"layout,local",Remove the “CREATIVE STUDIO” and “SINCE 2025” text blocks; center the “ego” logotype vertically and slightly enlarge it to maintain balance and readability.
1600w-A9ARWpzo3xk,5,Object Addition,"layout,local",Add a small minimalist spark icon in solid black (#000000) centered between “CREATIVE STUDIO” and “SINCE 2025” beneath the logo to balance the layout.
1600w-A9ARWpzo3xk,6,Copy Expansion,"text,layout,global","Expand the ""CREATIVE STUDIO"" block to: ""Creative studio crafting identities and experiences,"" set in small sans-serif, left-aligned beneath the logo with balanced line wrapping."
1600w-A9ARWpzo3xk,7,Image Replacement,"image,layout,local","Replace the central “ego” wordmark with a bold black-and-white abstract floral emblem using similar rounded shapes, keeping size, placement, and surrounding text unchanged."
1600w-A9ARWpzo3xk,8,Typography Style Shift,"text,style,global","Replace the 'ego' wordmark with uppercase bold sans-serif for a sleek, modern tone."
1600w-A9ARWpzo3xk,9,Accent Recolor,"color,local",Recolor the “ego” wordmark’s black shapes to deep forest green #184D3A.
1600w-A9ARWpzo3xk,10,Background Replacement,"image,color,global","Replace the off-white background with a soft pale blush (#F7E9EB) paper texture, keeping ample negative space so the black “ego” logo and small text remain highly legible."
1600w-A9ARWpzo3xk,11,Hierarchy Adjustment,"layout,text,global","Elevate ""CREATIVE STUDIO"" as the focal point: enlarge to huge uppercase bold in #000000, center it, and shrink the ""ego"" mark to medium and fade it to #C8C8C8."
1600w-A9ARWpzo3xk,12,Contrast & Readability Enhancement,"color,style,local","Add a subtle #D0D0D0 outline to the white interior shapes of the ""ego"" logo to increase separation from the off-white background and improve readability."
1600w-A9ARWpzo3xk,13,Add Secondary Text Block,"text,layout,local","Add a centered subtitle ""Branding, Strategy & Motion"" below the logo, small sans-serif in #4A4A4A with slight letter-spacing, to balance space with the left and right captions."
1600w-A9ARWpzo3xk,14,Theme Restyling,"style,color,global","Convert to Lunar New Year theme: recolor logo deep red #C01313 with gold #D4AF37 highlights, background warm ivory #FFF7E6, add small gold firecracker/lantern icons flanking the side texts; keep layout."
1600w-CxALar1xspQ,0,Color Palette Variation,"color,global","Switch palette from greens to ocean blues: change bright green accents and right panel to sky blue #7AC7FF, dark green text and button to navy #0B2D4D; keep white backgrounds."
1600w-CxALar1xspQ,1,Translation,"text,global","Translate all on-image text to Spanish: “Agencia de Marketing Digital”, “Tu aliado en el éxito digital”, and change button to “Empieza ahora”; keep phone and URL unchanged."
1600w-CxALar1xspQ,2,2-Element Layout Swap,"layout,global","Swap the right-side person photo with the left-side headline block; move image left and place headline, tagline, and button right, keeping equal side margins and vertical centers aligned."
1600w-CxALar1xspQ,3,Global Layout Change,"layout,global","Rebuild to a full-bleed hero with photo background; center a single-column stack of headline, tagline, CTA, and contact info; add a top navigation bar."
1600w-CxALar1xspQ,4,Object Removal,"layout,local",Remove the quoted tagline; center the get started button beneath the title and slightly increase spacing between headline lines to balance the left column.
1600w-CxALar1xspQ,5,Object Addition,"layout,local","Add a row of small social media icons (LinkedIn, Facebook, Instagram) in #184D3A below the “get started” button, left-aligned, to fill whitespace and complement contact details."
1600w-CxALar1xspQ,6,Copy Expansion,"text,layout,global","Replace the quote with: ""Your partner in digital success. We craft data-driven campaigns, refine SEO and ads, and provide clear reporting to help your brand grow sustainably."""
1600w-CxALar1xspQ,7,Image Replacement,"image,layout,local","Replace the man-on-laptop photo with a close-up of hands collaborating over a tablet and notes, right-aligned, keeping the clean white/green background for a teamwork-focused mood."
1600w-CxALar1xspQ,8,Typography Style Shift,"text,style,global",Replace the sans-serif headline with an uppercase tall serif in medium weight to elevate the tone from friendly to authoritative.
1600w-CxALar1xspQ,9,Accent Recolor,"color,local","Recolor the ""get started"" button fill to vivid teal #1ABC9C."
1600w-CxALar1xspQ,10,Background Replacement,"image,color,global","Replace the white/green split background with a soft geometric gradient from #0F766E to #10B981, leaving a lighter area behind the headline, preserving subject cutout and button contrast."
1600w-CxALar1xspQ,11,Hierarchy Adjustment,"layout,text,global","Make the 'get started' button dominant: enlarge to huge, center it between headline and photo, change fill to #00C853 with uppercase white text; reduce headline to medium weight."
1600w-CxALar1xspQ,12,Contrast & Readability Enhancement,"color,style,local","Darken the ""Agency"" text to deep forest green (#184D3A) for better legibility."
1600w-CxALar1xspQ,13,Add Secondary Text Block,"text,layout,local","Add a small sans-serif subtitle ""Data-driven strategies for measurable growth"" in #2E2E2E below the quote, left-aligned with the headline, creating balanced spacing above the button."
1600w-CxALar1xspQ,14,Theme Restyling,"style,color,global","Convert to winter holiday theme: swap all green accents to crimson #B30023 and gold #D4AF37, add small snowflakes around the headline and CTA, and change CTA text to ""Get Festive Deals""."
1600w-D3Vl-1x6STM,0,Color Palette Variation,"color,global",Switch to dark palette: replace teal/rust rays with deep navy (#0B1A3A) and indigo (#233A7A); make oval charcoal (#1C1C1C); set text soft mint (#C6FFE1) with neon coral (#FF5A5F) accents.
1600w-D3Vl-1x6STM,1,Translation,"text,global","Replace ""COMING SOON"" with ""PRÓXIMAMENTE"" and ""-STAY TUNED-"" with ""-MANTENTE ATENTO-""."
1600w-D3Vl-1x6STM,2,2-Element Layout Swap,"layout,global","Swap the date ""28.09.2028"" with the website URL, moving the URL above ""COMING SOON"" and the date to the bottom-center within the oval."
1600w-D3Vl-1x6STM,3,Global Layout Change,"layout,global","Rebuild into a three-section layout: full-width header banner, central white hero panel housing all text, and solid footer; align to a 12-column grid; push decorative graphics to the outer margins."
1600w-D3Vl-1x6STM,4,Object Removal,"layout,local","Remove the “www.reallygreatsite.com” URL; move “-STAY TUNED-” downward to occupy its space, keeping all text vertically centered within the oval."
1600w-D3Vl-1x6STM,5,Object Addition,"layout,local","Add a small teal calendar icon to the left of the date “28.09.2028,” matching existing stroke weight and coral accents to complement the lightning and starburst graphics."
1600w-D3Vl-1x6STM,6,Copy Expansion,"text,layout,global","Replace “-STAY TUNED-” with a two-sentence paragraph: “Stay tuned for updates! We’re counting down, sharing sneak peeks, and revealing surprises as launch day approaches.”"
1600w-D3Vl-1x6STM,7,Image Replacement,"image,layout,local","Replace the vintage comic sunburst background and lightning/star icons with a serene winter theme: pale blue snowflake radial burst and small icicle accents, keeping the central white oval."
1600w-D3Vl-1x6STM,8,Typography Style Shift,"text,style,global",Switch all text to a refined tall serif; set headlines in title case italic and supporting text in regular case for an elegant tone.
1600w-D3Vl-1x6STM,9,Accent Recolor,"color,local",Recolor the “COMING SOON” headline to deep forest green #184D3A.
1600w-D3Vl-1x6STM,10,Background Replacement,"image,color,global","Replace the retro red/teal sunburst background with a smooth deep navy (#0B1B3B) to black radial gradient, keeping the white oval and comic elements clearly legible."
1600w-D3Vl-1x6STM,11,Hierarchy Adjustment,"layout,text,global","Make the date the main focal point: center it, increase to huge bold in deep crimson #B22222; shrink ""COMING SOON"" to small muted gray #7A7A7A beneath."
1600w-D3Vl-1x6STM,12,Contrast & Readability Enhancement,"color,style,local",Change the website URL color to deep forest green #184D3A and add a subtle soft shadow to improve contrast against the white oval.
1600w-D3Vl-1x6STM,13,Add Secondary Text Block,"text,layout,local","Add a small sans-serif subtitle below the date reading 'Get ready for our launch,' in deep forest green (#184D3A), center-aligned, tight letterspacing, to balance the top spacing."
1600w-D3Vl-1x6STM,14,Theme Restyling,"style,color,global","Restyle to a winter holiday theme: change rays to deep forest green #184D3A and gold #D4AF37, replace lightning/stars with snowflakes and holly, and recolor headings to festive red #C21807."
1600w-DB7VCKEjrvU,0,Color Palette Variation,"color,global","Switch background to soft cream #FFF4E6; recolor elements to deep forest green #184D3A, coral #FF6F61, mustard #D49A00, and teal #0E7C86; set “LUMA” to #184D3A and “ART SPACE” to #FF6F61."
1600w-DB7VCKEjrvU,1,Translation,"text,global","Translate ""LUMA ART SPACE"" to French as ""LUMA ESPACE D'ART"", preserving layout, casing, and colors."
1600w-DB7VCKEjrvU,2,2-Element Layout Swap,"layout,global","Swap positions of the colorful icon stack and the “LUMA ART SPACE” text: place the text above, icon below, both centered with balanced vertical spacing."
1600w-DB7VCKEjrvU,3,Global Layout Change,"layout,global","Rebuild as a horizontal lockup: move the abstract mark left, place the text block right, center the group, and add wide margins with equal spacing between mark and text."
1600w-DB7VCKEjrvU,4,Object Removal,"layout,local",Remove the cream eye icon above the symbol stack; raise the pink arch and recenter the blue M and yellow spiral to maintain vertical balance above the text.
1600w-DB7VCKEjrvU,5,Object Addition,"layout,local","Add a small sans-serif URL ""lumaartspace.com"" centered beneath ""ART SPACE"" in cream (#F6E7D7) with subtle letterspacing to balance the empty lower area."
1600w-DB7VCKEjrvU,6,Copy Expansion,"text,layout,global","Expand ""ART SPACE"" into a centered body paragraph beneath ""LUMA"": ""Art workshops, exhibitions, and community programs celebrating curious makers, bold ideas, and playful expression in our neighborhood gallery."""
1600w-DB7VCKEjrvU,7,Image Replacement,"image,layout,local","Replace the abstract icon with a celestial motif (moon, star, comet) in the same stacked arrangement and pastel palette, preserving the distressed texture and position above 'LUMA ART SPACE'."
1600w-DB7VCKEjrvU,8,Typography Style Shift,"text,style,global","Switch “LUMA” to tall serif uppercase with slight letterspacing, and “ART SPACE” to light uppercase with increased tracking, for a more elegant tone."
1600w-DB7VCKEjrvU,9,Accent Recolor,"color,local","Recolor the ""ART SPACE"" text to warm golden yellow #F2C94C."
1600w-DB7VCKEjrvU,10,Background Replacement,"image,color,global","Replace the solid navy background with warm cream (#F5E9D7) paper texture, ensuring the colorful logo remains centered with high contrast and clear legibility."
1600w-DB7VCKEjrvU,11,Hierarchy Adjustment,"layout,text,global","Make the abstract icon the focal point: scale it dominant and center; reduce 'LUMA' to small uppercase sans-serif in soft gray #C9D1D9, keep 'ART SPACE' tiny beneath."
1600w-DB7VCKEjrvU,12,Contrast & Readability Enhancement,"color,style,local",Change 'ART SPACE' text color to off-white #F5F1E6 to improve contrast against the navy background.
1600w-DB7VCKEjrvU,13,Add Secondary Text Block,"text,layout,local",Add a small sans-serif subtitle 'Contemporary Gallery & Workshops' centered below 'ART SPACE' in soft cream #F7E6C6 with slightly expanded letterspacing to balance whitespace.
1600w-DB7VCKEjrvU,14,Theme Restyling,"style,color,global","Restyle for winter holidays: keep layout, switch background to deep pine #0E2A24, recolor shapes to gold #D4A017, cranberry #B0232A, icy teal #5BC7C9, add tiny snowflake accents around eye."
1600w-DVXZyB158ss,0,Color Palette Variation,"color,global","Replace the beige/cream neutrals and brown text with a cool palette: pale sage #E8EFE6 background, deep forest green #184D3A headings, charcoal #2B2B2B body text, muted teal #5FA3A3 accents."
1600w-DVXZyB158ss,1,Translation,"text,global","Translate the headline 'ABOUT ME' to Spanish as 'SOBRE MÍ', keeping typography and color unchanged."
1600w-DVXZyB158ss,2,2-Element Layout Swap,"layout,global","Swap the left portrait with the right “ABOUT ME” text block, placing the image on the right and the headline and paragraph left-aligned with balanced side margins."
1600w-DVXZyB158ss,3,Global Layout Change,"layout,global","Rebuild into a single-column layout: place the portrait full-width at top, center the ""ABOUT ME"" title, stack body text below, and move the signature to the footer."
1600w-DVXZyB158ss,4,Object Removal,"layout,local",Remove the “Olivia Wilson” signature; move the body text block slightly downward and center it under “ABOUT ME” to maintain balanced spacing and readability.
1600w-DVXZyB158ss,5,Object Addition,"layout,local","Add a small row of minimalist social icons (website, email, location) beneath the paragraph, right-aligned, in #6B4F4E, with equal spacing and subtle size matching body text height."
1600w-DVXZyB158ss,6,Copy Expansion,"text,layout,global","Expand the paragraph under 'ABOUT ME' to 2–3× length in matching tone, letting it wrap within the current text box while preserving existing body styling and left alignment."
1600w-DVXZyB158ss,7,Image Replacement,"image,layout,local","Replace the left-side portrait with a left-aligned, softly lit photo of a potted monstera plant in neutral tones, preserving the torn paper edge and beige background."
1600w-DVXZyB158ss,8,Typography Style Shift,"text,style,global","Switch the ""ABOUT ME"" headline to title-case tall serif, medium weight, to create a more elegant, editorial tone."
1600w-DVXZyB158ss,9,Accent Recolor,"color,local","Recolor the ""ABOUT ME"" heading to deep forest green (#184D3A)."
1600w-DVXZyB158ss,10,Background Replacement,"image,color,global","Replace the beige torn-paper background with deep forest green (#184D3A) solid color, keeping the subject cutout intact and ensuring high contrast so the dark text remains readable."
1600w-DVXZyB158ss,11,Hierarchy Adjustment,"layout,text,global","Make “ABOUT ME” the main focal point: enlarge to huge uppercase bold, center it above the body text, and reduce the portrait image width by 20% to shift attention."
1600w-DVXZyB158ss,12,Contrast & Readability Enhancement,"color,style,local",Darken the body text and “Olivia Wilson” signature to #2B2B2B and apply a subtle soft drop shadow (20% black) to enhance contrast against the pale paper background.
1600w-DVXZyB158ss,13,Add Secondary Text Block,"text,layout,local","Insert a small sans-serif subtitle below ""ABOUT ME"" reading ""Designer, storyteller, coffee lover"" in #6B5B52, left-aligned with the body text, lightly letter-spaced."
1600w-DVXZyB158ss,14,Theme Restyling,"style,color,global","Transform to festive winter theme: switch background to deep navy #0B1A3D, add white snowflake corner motifs, change title to uppercase bold white, set accent elements to metallic gold #C9A646."
1600w-E0pKviCC-yw,0,Color Palette Variation,"color,global","Replace the off-white background and charcoal elements with a deep navy #0B1220 background and warm ivory #F6F1E8 typography for strong, minimalist contrast."
1600w-E0pKviCC-yw,1,Translation,"text,global","Translate the small stacked headline 'NEW YORK ESTD 2030 GALLERY' to Spanish as 'NUEVA YORK FUND. 2030 GALERÍA' in uppercase sans-serif, matching current weight and alignment."
1600w-E0pKviCC-yw,2,2-Element Layout Swap,"layout,global","Swap positions: place the oversized “a.” on the right and move the “NEW YORK ESTD 2030 GALLERY” block to the left, aligning them horizontally centered with balanced margins."
1600w-E0pKviCC-yw,3,Global Layout Change,"layout,global",Adopt a 12-column grid with wide margins; center vertically; span the oversized glyph across left 8 columns; reserve a fixed right 4-column sidebar for info; equalize padding.
1600w-E0pKviCC-yw,4,Object Removal,"layout,local",Remove the “NEW YORK ESTD 2030 GALLERY” text block; nudge the square dot slightly up and left to align visually with the large “a” and rebalance the negative space.
1600w-E0pKviCC-yw,5,Object Addition,"layout,local","Add a small deep-charcoal location pin icon to the left of “NEW YORK”, vertically aligned with the text, balancing the negative space above the period."
1600w-E0pKviCC-yw,6,Copy Expansion,"text,layout,global","Expand the ""NEW YORK ESTD 2030 GALLERY"" block into a longer uppercase paragraph: ""NEW YORK — ESTD 2030 — A CONTEMPORARY GALLERY CELEBRATING NEW VOICES AND BOLD, CURATED WORKS."""
1600w-E0pKviCC-yw,7,Image Replacement,"image,layout,local","Replace the oversized “a.” typographic mark with a minimalist black mountain silhouette occupying the same left-heavy space, keeping the period square and small headline text unchanged."
1600w-E0pKviCC-yw,8,Typography Style Shift,"text,style,global",Replace the oversized sans-serif “a.” with a tall serif uppercase “A.” to shift the tone to elegant.
1600w-E0pKviCC-yw,9,Accent Recolor,"color,local",Recolor the period square to burnt orange #D55A1A.
1600w-E0pKviCC-yw,10,Background Replacement,"image,color,global",Replace the plain off-white background with a subtle light concrete texture in pale cool gray (#E7ECEF) to add depth while keeping the black typography crisp.
1600w-E0pKviCC-yw,11,Hierarchy Adjustment,"layout,text,global","Make 'NEW YORK ESTD 2030 GALLERY' the focal point: enlarge to title, center page, color deep forest green; reduce the big 'a.' to 60% size and light gray."
1600w-E0pKviCC-yw,12,Contrast & Readability Enhancement,"color,style,local","Lighten the background to #FFFFFF to maximize contrast with the black “a.” and the small right-aligned text, improving legibility without changing layout."
1600w-E0pKviCC-yw,13,Add Secondary Text Block,"text,layout,local","Add a small uppercase sans-serif subtitle ""CONTEMPORARY EXHIBITION"" in #6B6B6B beneath the right-side label, left-aligned with it, to balance spacing."
1600w-E0pKviCC-yw,14,Theme Restyling,"style,color,global","Restyle for winter holidays: change background to icy off-white #F7FAFD, a. to deep forest green #184D3A, add small gold #D4AF37 snowflake above period, keep typography and layout."
1600w-F-yK2D5pels,0,Color Palette Variation,"color,global","Swap the neon lime background to deep navy #0B1D39, change all black text to off-white #F5F7FA, and convert the black button to teal #0FB7A7 with white text."
1600w-F-yK2D5pels,1,Translation,"text,global","Translate to Spanish: change 'MEDIA KIT' to 'KIT DE MEDIOS', 'Collaborate with us' to 'Colabora con nosotros', 'COLLAB STUDIO' to 'ESTUDIO COLLAB', and 'Kick-off Meeting' to 'Reunión de inicio'."
1600w-F-yK2D5pels,2,2-Element Layout Swap,"layout,global","Swap the three-photo strip with the “MEDIA KIT” headline, placing the headline above centered, and move the photos below in a balanced three-column row."
1600w-F-yK2D5pels,3,Global Layout Change,"layout,global","Switch to a left sidebar layout: move logo and CTA into a vertical nav; on the right, place 'MEDIA KIT' as top hero, then a three-image grid beneath."
1600w-F-yK2D5pels,4,Object Removal,"layout,local",Remove the top-right “Collaborate with us” button; enlarge “COLLAB STUDIO” to title size and center it in the header bar to maintain visual balance.
1600w-F-yK2D5pels,5,Object Addition,"layout,local","Add a small row of black social icons (Instagram, YouTube, LinkedIn) below the “Collaborate with us” button, right-aligned, with equal spacing to balance the header area."
1600w-F-yK2D5pels,6,Copy Expansion,"text,layout,global","Expand the “MEDIA KIT” text into a concise 2–3 sentence paragraph detailing audience, metrics, and sponsorship options; set in body-size black sans-serif, left-aligned beneath the image row."
1600w-F-yK2D5pels,7,Image Replacement,"image,layout,local","Swap the three workspace/laptop images for similarly composed cozy coffeehouse scenes: latte and notebook on table, barista smiling at counter, close-up hands typing by window."
1600w-F-yK2D5pels,8,Typography Style Shift,"text,style,global","Switch all typography from uppercase heavy sans-serif to title-case tall serif with lighter weight for a more elegant, editorial tone."
1600w-F-yK2D5pels,9,Accent Recolor,"color,local","Recolor the top-right ""Collaborate with us"" button fill from black to deep forest green #184D3A; keep the text white."
1600w-F-yK2D5pels,10,Background Replacement,"image,color,global","Replace the bright lime background with a subtle light gray (#F5F7FA) to soften the mood, ensuring black typography and images remain high-contrast."
1600w-F-yK2D5pels,11,Hierarchy Adjustment,"layout,text,global",Make the center photo dominant: expand it to a full-width hero at the top; move MEDIA KIT below as small uppercase sans-serif in #6B6B6B.
1600w-F-yK2D5pels,12,Contrast & Readability Enhancement,"color,style,local",Darken the neon background to #CBEA4A and add a subtle black drop shadow to the “COLLAB STUDIO” text to improve contrast and readability.
1600w-F-yK2D5pels,13,Add Secondary Text Block,"text,layout,local","Add a centered subtitle below MEDIA KIT: ""Overview, audience, and rates"" in small sans-serif deep forest green (#184D3A), with wider tracking to balance spacing."
1600w-F-yK2D5pels,14,Theme Restyling,"style,color,global","Retheme to winter holidays: switch background to deep pine #0E3B2E, change all text to snow white, button to cranberry red #B1262D, add small white snowflake corner icons around each photo."
1600w-FAqixqKkICk,0,Color Palette Variation,"color,global","Recolor background to soft sky blue #E6F2FF, notepad to pure white #FFFFFF, outline/coil to slate blue #3A577F, and text to deep navy #0D1B2A for a crisp, cool palette."
1600w-FAqixqKkICk,1,Translation,"text,global","Replace the notepad text with Spanish: ""HOY VA A SER UN DÍA PRODUCTIVO, SEGURO, TODO EN MAYÚSCULAS."""
1600w-FAqixqKkICk,2,2-Element Layout Swap,"layout,global","Swap positions of elements: move the illustrated notepad to the right half and pull the all-caps headline onto the left half, both vertically centered with equal side margins."
1600w-FAqixqKkICk,3,Global Layout Change,"layout,global","Rebuild as a magazine spread: two-column grid with wide left margin, notebook anchored right, full-width banner on top, #3B2F2F sidebar background, generous padding, and a bottom footer strip."
1600w-FAqixqKkICk,4,Object Removal,"layout,local",Remove the top spiral rings; slightly shift the notepad upward and re-center the text block vertically to maintain balance.
1600w-FAqixqKkICk,5,Object Addition,"layout,local","Add a small doodle-style pencil icon angled at the bottom-right of the notepad margin, in matching outline #8C6B3D, to balance space without obscuring text."
1600w-FAqixqKkICk,6,Copy Expansion,"text,layout,global","Expand the central all-caps message into a 2–3× longer uppercase paragraph, keeping bold sans-serif style, centered alignment, and balanced margins within the notepad."
1600w-FAqixqKkICk,7,Image Replacement,"image,layout,local","Swap the spiral notepad illustration for an open hardcover journal with blank pages, centered on the same beige background, to evoke a reflective, cozy mood."
1600w-FAqixqKkICk,8,Typography Style Shift,"text,style,global","Switch all text to a tall serif, title case, light weight for an elegant tone."
1600w-FAqixqKkICk,9,Accent Recolor,"color,local",Recolor the main quote text to deep forest green #184D3A.
1600w-FAqixqKkICk,10,Background Replacement,"image,color,global","Replace the beige background with deep forest green (#184D3A) solid color for high contrast, preserving legibility of the white notepad and dark text."
1600w-FAqixqKkICk,11,Hierarchy Adjustment,"layout,text,global","Scale up the notepad illustration 30% and downgrade the quote to small, normal-weight #777 text, making the notebook the main focal point."
1600w-FAqixqKkICk,12,Contrast & Readability Enhancement,"color,style,local",Darken the text to deep charcoal #1A1A1A and the notebook outline/spirals to #5A3E2B to boost contrast against the white page and beige background.
1600w-FAqixqKkICk,13,Add Secondary Text Block,"text,layout,local","Add a small sans-serif subtitle ""Note to self:"" centered above the main quote inside the notepad, in medium weight, deep coffee brown (#3A2E2A), with slight letterspacing."
1600w-FAqixqKkICk,14,Theme Restyling,"style,color,global","Convert to a winter holiday theme: change background to deep cranberry #9B1C31, switch text to white uppercase bold, add small gold stars and holly doodles around the notepad border."
1600w-GFKaeiEL8R0,0,Color Palette Variation,"color,global",Replace black background with soft ivory #FAF8F2; switch cyan/purple accents to coral–amber gradient (#FF6F61→#FFC857); set all white text to deep charcoal #111111 for readability.
1600w-GFKaeiEL8R0,1,Translation,"text,global","Translate all text to Spanish: replace “STUDIO + AGATHO” with “ESTUDIO + AGATHO” and “Branding & Design” with “Marca y Diseño,” preserving current styles and layout."
1600w-GFKaeiEL8R0,2,2-Element Layout Swap,"layout,global","Swap the abstract 3D shapes with the “Branding & Design” headline: place the headline top-center and move the shapes below it, centered, preserving spacing."
1600w-GFKaeiEL8R0,3,Global Layout Change,"layout,global",Switch to two columns: place 3D shapes left; stack and center-align all text right; add large side margins; move the brand name into a sticky top bar.
1600w-GFKaeiEL8R0,4,Object Removal,"layout,local",Remove the 'STUDIO + AGATHO' header; move the 'Branding & Design' group up slightly and enlarge the 3D shapes 10% to keep balance.
1600w-GFKaeiEL8R0,5,Object Addition,"layout,local",Add a small cyan-to-purple (#6FE7E1–#8A3FFB) sparkle icon in the top-right corner to echo the 3D shapes and balance the composition.
1600w-GFKaeiEL8R0,6,Copy Expansion,"text,layout,global",Expand the “STUDIO + AGATHO” header into a two-line uppercase sans-serif blurb reading: “STUDIO AGATHO — creative branding and design for bold ideas.”
1600w-GFKaeiEL8R0,7,Image Replacement,"image,layout,local","Swap the central 3D cyan-purple blobs and asterisk with layered mountain silhouettes and a starburst sun in deep blues and sunrise orange, keeping cluster layout and scale."
1600w-GFKaeiEL8R0,8,Typography Style Shift,"text,style,global","Switch “Branding & Design” to a tall serif with light weight and title case for an elegant, editorial tone."
1600w-GFKaeiEL8R0,9,Accent Recolor,"color,local",Recolor the word “Design” from purple gradient to a smooth aqua-to-teal gradient (#7EF3F0 to #1BC3B2) to shift emphasis while harmonizing with the cyan 3D shapes.
1600w-GFKaeiEL8R0,10,Background Replacement,"image,color,global","Replace the black background with a midnight blue (#0D102B) to deep purple (#1A0045) radial gradient, maintaining strong contrast around the headline and 3D elements for clear legibility."
1600w-GFKaeiEL8R0,11,Hierarchy Adjustment,"layout,text,global","Enlarge the abstract 3D shapes to huge and center; shrink “Branding & Design” to small, change text color to #9AA0A6, and reduce opacity to 30% to make shapes dominant."
1600w-GFKaeiEL8R0,12,Contrast & Readability Enhancement,"color,style,local",Add a thin white stroke to the “Design” text to increase contrast against the black background.
1600w-GFKaeiEL8R0,13,Add Secondary Text Block,"text,layout,local","Add a small sans-serif subtitle centered below ""Branding & Design"" reading ""Crafting bold identities for modern brands"" in #A6A6A6, with slightly increased letter-spacing to balance lower negative space."
1600w-GFKaeiEL8R0,14,Theme Restyling,"style,color,global","Restyle for winter: switch palette to #B3001B, #0B6E4F, and gold #D4AF37; replace blobs with a snowflake and ornaments; change “Design” gradient accordingly; keep layout and typography."
1600w-GQFPH6ndGO4,0,Color Palette Variation,"color,global","Replace the pink-to-yellow background gradient and yellow halftone with a cool palette: gradient #E6F7FF→#00A3C4, halftone #00A3C4; change black text/button fills to deep navy #0B1F3B."
1600w-GQFPH6ndGO4,1,Translation,"text,global","Translate all on-image text to Spanish: change ""HOW TO"" to ""CÓMO"", ""IMPROVE YOURSELF"" to ""MEJORARTE"", and the button ""EVERY DAY"" to ""CADA DÍA"", preserving existing styles."
1600w-GQFPH6ndGO4,2,2-Element Layout Swap,"layout,global","Swap the main portrait and the ""IMPROVE YOURSELF"" headline, placing the portrait right-aligned and the headline left-aligned, maintaining visual balance and keeping the CTA centered below."
1600w-GQFPH6ndGO4,3,Global Layout Change,"layout,global",Rebuild into two-column grid: left full-bleed portrait; right vertical stack of all text and CTA on solid #FFD200; consolidate halftone pattern along bottom border; add equal gutters and margins.
1600w-GQFPH6ndGO4,4,Object Removal,"layout,local","Remove the small ""HOW TO"" text near the right; center ""IMPROVE YOURSELF"" across the width and nudge the ""EVERY DAY"" button right to align with the headline."
1600w-GQFPH6ndGO4,5,Object Addition,"layout,local","Add a small #FFFFFF lightbulb icon above ""HOW TO"" on the yellow gradient, right-aligned, to fill empty space without overlapping the subject."
1600w-GQFPH6ndGO4,6,Copy Expansion,"text,layout,global",Expand the “HOW TO IMPROVE YOURSELF” headline to: “How to improve yourself through small daily habits that build momentum.”
1600w-GQFPH6ndGO4,7,Image Replacement,"image,layout,local","Replace the main smiling portrait with a centered mid-shot of a focused student holding a notebook and pen, keeping the warm pink-to-yellow gradient background and similar spacing."
1600w-GQFPH6ndGO4,8,Typography Style Shift,"text,style,global","Change “IMPROVE YOURSELF” to title-case tall serif, medium weight, with wider tracking to shift the tone from bold motivational to refined elegant."
1600w-GQFPH6ndGO4,9,Accent Recolor,"color,local","Recolor the ‘EVERY DAY’ button background from black to deep royal blue #1E3A8A, retaining white text and current shape."
1600w-GQFPH6ndGO4,10,Background Replacement,"image,color,global","Replace the pink-to-yellow background with a deep teal #104E56 to sky blue #7AD7F0 gradient, ensuring the subject and bold black text remain crisp and legible."
1600w-GQFPH6ndGO4,11,Hierarchy Adjustment,"layout,text,global","Scale up the portrait to fill the frame; shrink ""IMPROVE YOURSELF"" to small title, move top-right, and change to #333 so the image becomes the focal point."
1600w-GQFPH6ndGO4,12,Contrast & Readability Enhancement,"color,style,local","Add a 35% opacity #111111 rectangular overlay behind the “IMPROVE YOURSELF” headline, spanning its width and height, to increase contrast against the halftone and subject."
1600w-GQFPH6ndGO4,13,Add Secondary Text Block,"text,layout,local","Add a small italic subtitle 'Practical tips for personal growth' under 'IMPROVE YOURSELF', centered above the 'EVERY DAY' button, in dark gray #333333 with subtle tracking."
1600w-GQFPH6ndGO4,14,Theme Restyling,"style,color,global","Convert to winter holiday theme: switch gradient to deep red–gold, swap dots for subtle gold snowflakes, keep layout, change button to 'HOLIDAY TIPS', add small pine icon beside 'HOW TO'."
1600w-H6V1JbJYyYU,0,Color Palette Variation,"color,global","Recolor the background to deep midnight blue #0B132B and change all red text to warm blush #FFD1DC, preserving hierarchy and spacing."
1600w-H6V1JbJYyYU,1,Translation,"text,global","Translate all text to Spanish: change ""she said yes"" to ""ella dijo sí"" and ""FASHION STORE EST. 2025"" to ""TIENDA DE MODA DESDE 2025""."
1600w-H6V1JbJYyYU,2,2-Element Layout Swap,"layout,global","Swap positions: move the 'FASHION STORE EST.2025' lockup to top center and place the 'she said yes' headline at bottom center, keeping balanced vertical margins."
1600w-H6V1JbJYyYU,3,Global Layout Change,"layout,global","Switch to a two-column layout: center the headline block in the left column, place the brand lockup at the bottom of the right column, add wide gutters and generous margins."
1600w-H6V1JbJYyYU,4,Object Removal,"layout,local",Remove the “FASHION STORE EST.2025” text; nudge the “she said yes” block downward and recenter to maintain balance and readability.
1600w-H6V1JbJYyYU,5,Object Addition,"layout,local","Add a small engagement ring icon above “she,” centered, in deep crimson red to balance upper whitespace."
1600w-H6V1JbJYyYU,6,Copy Expansion,"text,layout,global","Replace 'she said yes' with: 'she said yes to bold color and joyful style, embracing playful pieces that celebrate love and everyday moments,' keeping bubbly red lettering centered."
1600w-H6V1JbJYyYU,7,Image Replacement,"image,layout,local","Replace the central red bubbly 'she said yes' typography with a similarly centered, bubbly red 'grand opening' headline to shift from engagement to retail celebration."
1600w-H6V1JbJYyYU,8,Typography Style Shift,"text,style,global","Switch all text to a tall serif uppercase, light weight, with wider tracking to shift the playful tone to elegant."
1600w-H6V1JbJYyYU,9,Accent Recolor,"color,local","Recolor the main ""she said yes"" text from red to deep forest green #184D3A, leaving the background and footer text unchanged."
1600w-H6V1JbJYyYU,10,Background Replacement,"image,color,global",Replace the off-white background with a soft blush-to-cream gradient (#FFE6E6 to #FFF9F2) to create a romantic mood while preserving strong contrast for the red typography.
1600w-H6V1JbJYyYU,11,Hierarchy Adjustment,"layout,text,global","Promote the “FASHION STORE EST.2025” to main focal point: enlarge to title size, center it, and shrink “she said yes” to small upper-left in light gray #B3B3B3."
1600w-H6V1JbJYyYU,12,Contrast & Readability Enhancement,"color,style,local",Darken all red text to deep crimson #8B0E0E and add a soft charcoal #333 shadow to improve separation from the off-white background and enhance readability.
1600w-H6V1JbJYyYU,13,Add Secondary Text Block,"text,layout,local","Insert a small uppercase sans-serif subtitle ""Engagement Collection"" centered midway between ""she said yes"" and the bottom label, in deep forest green #184D3A with slight letter spacing."
1600w-H6V1JbJYyYU,14,Theme Restyling,"style,color,global","Convert to Valentine’s theme: set background to blush pink #FFE6EC, keep red lettering, add small heart icons around the text, retain ""FASHION STORE EST.2025"" placement unchanged."
1600w-IVdkMeHmo04,0,Color Palette Variation,"color,global",Replace dark forest green palette with light mode: ivory #F9F6EF background; headings charcoal #222; body deep taupe #5C5552; buttons peacock blue #0F5E73 with white text; accents muted gold #C9A86A.
1600w-IVdkMeHmo04,1,Translation,"text,global","Replace headline ""Gala of Hope"" with ""Gala de Esperanza"" and button text ""Register to Attend"" with ""Regístrate para Asistir""."
1600w-IVdkMeHmo04,2,2-Element Layout Swap,"layout,global","Swap the 'Gala of Hope' headline to the bottom-right and move the 'Register to Attend' button to the bottom-left, keeping aligned baselines and consistent spacing with the subtitle."
1600w-IVdkMeHmo04,3,Global Layout Change,"layout,global","Rebuild into a two-column split: left full-bleed image, right dark panel stacking text and CTA; move event details into a sticky top bar; increase grid spacing with section dividers."
1600w-IVdkMeHmo04,4,Object Removal,"layout,local","Remove the small “Unity Outreach Network” line; shift the “Gala of Hope” title up slightly to vertically center, and tighten spacing above the subheading to maintain balance."
1600w-IVdkMeHmo04,5,Object Addition,"layout,local","Add a small #EDE9E0 map pin icon to the left of “Liberty Events Plaza,” vertically centered with the line, to subtly reinforce the venue."
1600w-IVdkMeHmo04,6,Copy Expansion,"text,layout,global","Expand the subheading 'A night of inspiration...' into a 2–3× longer body paragraph that retains the warm, hopeful tone, wraps within the left column, and preserves current off-white type styling."
1600w-IVdkMeHmo04,7,Image Replacement,"image,layout,local","Replace the dark leafy background with a blurred candlelit ballroom scene in warm gold tones, keeping similar shallow depth of field and generous negative space for the overlay text."
1600w-IVdkMeHmo04,8,Typography Style Shift,"text,style,global","Switch all typography to sans-serif—title in uppercase light, metadata and body in regular—to shift from classic to modern minimal."
1600w-IVdkMeHmo04,9,Accent Recolor,"color,local",Recolor the “Register to Attend” button fill to warm gold #D4B46A while keeping white text and border to increase emphasis.
1600w-IVdkMeHmo04,10,Background Replacement,"image,color,global",Replace the dark foliage background with a warm champagne-gold bokeh lights photo to suggest an elegant gala; keep all text in off-white and preserve existing spacing for readability.
1600w-IVdkMeHmo04,11,Hierarchy Adjustment,"layout,text,global","Make the Register to Attend button dominant: center it, scale to huge, fill #FFD166 with #1A1A1A text, and shrink the Gala of Hope headline to medium."
1600w-IVdkMeHmo04,12,Contrast & Readability Enhancement,"color,style,local","Add a semi-transparent deep forest green (#0E1F18, 45% opacity) overlay across the top quarter to boost contrast for the date/time/location text without changing layout."
1600w-IVdkMeHmo04,13,Add Secondary Text Block,"text,layout,local","Add a small uppercase sans-serif label 'RSVP by April 25' above the Register button, right-aligned in #EAE6DF."
1600w-IVdkMeHmo04,14,Theme Restyling,"style,color,global","Convert to winter holiday: replace background with snow-dusted evergreen, change accents to cranberry #8B1E3F and evergreen #184D3A, add small snowflake dividers, keep layout and elegant serif typography."
1600w-J2-prU82nP4,0,Color Palette Variation,"color,global","Switch to dark mode: set background to charcoal (#111111), change black text to bright lime (#B7FF3C) and white text to off-white (#F5F5F5); recolor doodles to lime for contrast."
1600w-J2-prU82nP4,1,Translation,"text,global",Replace the main headline 'DONT THINK TOO MUCH!' with the Spanish translation '¡NO PIENSES DEMASIADO!' in the same uppercase bold style.
1600w-J2-prU82nP4,2,2-Element Layout Swap,"layout,global","Swap positions of headline and main photo, placing photo left and headline right, both vertically centered with equal left/right margins."
1600w-J2-prU82nP4,3,Global Layout Change,"layout,global","Switch to a two-column layout: image left occupying two-thirds width, headline right stacked and centered, move doodle above headline, add generous margins and equal gutters around all edges."
1600w-J2-prU82nP4,4,Object Removal,"layout,local","Remove the light bulb doodle and white scribble arcs above her head; slightly scale up the woman and nudge right to fill space, keeping the left text aligned."
1600w-J2-prU82nP4,5,Object Addition,"layout,local","Add a small white question-mark doodle cluster near her raised hand on the right, matching the existing lightbulb line style to balance the empty space."
1600w-J2-prU82nP4,6,Copy Expansion,"text,layout,global","Expand the left “DONT THINK TOO MUCH!” headline into: “DON’T THINK TOO MUCH—START SMALL, TRUST YOUR GUT, LEARN AS YOU GO.”"
1600w-J2-prU82nP4,7,Image Replacement,"image,layout,local","Replace the right-side photo of the pondering woman with a thoughtful robot illustration in metallic silver, keeping the white cutout outline and doodle lightbulb in similar positions."
1600w-J2-prU82nP4,8,Typography Style Shift,"text,style,global",Change all headline text to a tall serif in title case with medium weight and wider letterspacing to shift the tone from bold and shouty to elegant.
1600w-J2-prU82nP4,9,Accent Recolor,"color,local",Recolor the word “TOO” in the headline from black to sunny yellow #FFD54F to create emphasis against the green background.
1600w-J2-prU82nP4,10,Background Replacement,"image,color,global","Replace the flat green background with a warm cream #FFF3D6 subtle paper texture, maintaining the white outline around the subject and keeping all text layers intact."
1600w-J2-prU82nP4,11,Hierarchy Adjustment,"layout,text,global","Scale up the person cutout to dominate center, and diminish the headline to small #7A7A7A text aligned bottom-left."
1600w-J2-prU82nP4,12,Contrast & Readability Enhancement,"color,style,local","Add a subtle dark green (#1A5E3B, 30% opacity) halo behind the white doodles and lightbulb lines to increase contrast against the background without moving elements."
1600w-J2-prU82nP4,13,Add Secondary Text Block,"text,layout,local","Add a small sans-serif subtitle ""Trust your gut and start now."" in white beneath ""MUCH!"", left-aligned with the headline, to fill the lower-left spacing."
1600w-J2-prU82nP4,14,Theme Restyling,"style,color,global","Convert to winter holiday theme: change background to deep forest green with subtle snowflakes, recolor text to candy-cane red/white stripes, replace lightbulb doodle with a white snowflake; keep layout."
1600w-K18O8e4K488,0,Color Palette Variation,"color,global","Switch to a cool blue scheme: replace orange shapes with sapphire–cobalt gradient (#2D6CF0–#0A3D91), change dark teal text to navy #0B1F3A, pink badge to aqua #22D3EE, background to light #F3F7FF."
1600w-K18O8e4K488,1,Translation,"text,global",Translate headline and CTA to Spanish: LIVE WEBINAR→WEBINAR EN VIVO; LIVE STREAMING→TRANSMISIÓN EN VIVO.
1600w-K18O8e4K488,2,2-Element Layout Swap,"layout,global","Swap the large circular speaker photo to the left and move the “LIVE WEBINAR” headline block to the right, aligning both centrally with balanced margins."
1600w-K18O8e4K488,3,Global Layout Change,"layout,global","Switch to a clean two-column layout: left full-height speaker image; right stacked title, subtitle, schedule, and live button; add a top navigation bar and bottom footer relocating contact info."
1600w-K18O8e4K488,4,Object Removal,"layout,local",Remove the red “LIVE STREAMING” badge; nudge the “LIVE WEBINAR” headline up-right and scale the date/time block to medium to balance the top-right space.
1600w-K18O8e4K488,5,Object Addition,"layout,local","Add a small calendar icon in #F5861F to the left of “08 JUNE 2025”, aligned with the date/time stack."
1600w-K18O8e4K488,6,Copy Expansion,"text,layout,global","Replace the gray subheading under 'LIVE WEBINAR' with a longer paragraph: Discover practical strategies, tools, and actionable insights to streamline marketing, increase conversions, and sustainably grow your business."
1600w-K18O8e4K488,7,Image Replacement,"image,layout,local","Replace the circular speaker headshot with a similarly framed city skyline at dusk, retaining the orange ring, placement, and all other elements."
1600w-K18O8e4K488,8,Typography Style Shift,"text,style,global","Switch all headline text (“LIVE WEBINAR” and date/time) to tall serif uppercase with medium weight and tighter tracking for a refined, elegant tone."
1600w-K18O8e4K488,9,Accent Recolor,"color,local",Recolor the “LIVE STREAMING” pill button to vibrant orange #FF7A00.
1600w-K18O8e4K488,10,Background Replacement,"image,color,global","Replace the muted office photo background with a deep charcoal-to-black gradient (#1F2937 to #0B0F13) for a sleek tech mood, preserving all foreground elements and ensuring text remains high-contrast."
1600w-K18O8e4K488,11,Hierarchy Adjustment,"layout,text,global","Make the date/time the main focal point: enlarge to huge title, center it, set uppercase bold in #FF6A00; shrink LIVE WEBINAR to medium and move below the date/time."
1600w-K18O8e4K488,12,Contrast & Readability Enhancement,"color,style,local","Add a 20% black overlay behind the left text column to boost contrast for the grey subheading and orange date/time, keeping composition unchanged."
1600w-K18O8e4K488,13,Add Secondary Text Block,"text,layout,local","Add a small sans-serif subtitle ""Free registration • Q&A session included"" below the orange date/time block, left-aligned, in #184D3A, to balance the left column spacing."
1600w-K18O8e4K488,14,Theme Restyling,"style,color,global","Restyle to winter holiday theme: switch oranges to deep forest green #184D3A and gold #D4A017, replace circle accents with small snowflakes, change headline to ""Holiday Webinar"", keep layout unchanged."
1600w-KZpYxSRdMn4,0,Color Palette Variation,"color,global","Convert palette to dark mode: use deep navy background #0C1B2A, replace greens with teal #1AB6B6, swap gold accents for sky blue #5BC0EB, and set all text/icons white; update shapes/buttons accordingly."
1600w-KZpYxSRdMn4,1,Translation,"text,global",Translate “DIGITAL MARKETING AGENCY” to Spanish “AGENCIA DE MARKETING DIGITAL” and the button “GET STARTED” to “COMENZAR”.
1600w-KZpYxSRdMn4,2,2-Element Layout Swap,"layout,global","Swap positions of the circular photo and “DIGITAL MARKETING AGENCY” headline; place the photo top-left, and right-align the headline in the top-right for balance."
1600w-KZpYxSRdMn4,3,Global Layout Change,"layout,global","Rearrange into vertical layout: center headline at top, place full-width CTA bar below, center photo next, then present services and contact in a two-column grid underneath."
1600w-KZpYxSRdMn4,4,Object Removal,"layout,local","Remove the ""Secret Science"" service line; tighten line spacing of remaining services and vertically center the list relative to the ""Our Services"" heading and GET STARTED button."
1600w-KZpYxSRdMn4,5,Object Addition,"layout,local","Add a small row of monochrome deep forest green social media icons (Facebook, Instagram, LinkedIn, X) in the top-right above the portrait to balance the layout."
1600w-KZpYxSRdMn4,6,Copy Expansion,"text,layout,global","Expand the 'Our Services' list into a 2–3× longer body paragraph summarizing capabilities, keep sans-serif in #0B5B3C, left-aligned under the heading, preserving spacing from the button and icons."
1600w-KZpYxSRdMn4,7,Image Replacement,"image,layout,local","Replace the circular portrait of a smiling woman at a desk with a circular image of a diverse team brainstorming around a laptop, emphasizing collaboration and energy."
1600w-KZpYxSRdMn4,8,Typography Style Shift,"text,style,global","Switch the ""DIGITAL MARKETING AGENCY"" headline to a tall serif, title case, medium weight with slightly increased tracking for elegance; keep service list and button text in light sans-serif."
1600w-KZpYxSRdMn4,9,Accent Recolor,"color,local",Recolor the “GET STARTED” button to warm gold #E6B34A and change the button text to deep forest green #184D3A for stronger emphasis.
1600w-KZpYxSRdMn4,10,Background Replacement,"image,color,global","Replace the beige canvas with a soft mint-to-white radial gradient (#EAF7EF to #FFFFFF), keeping the green/gold wave footer unchanged for contrast and maintaining all text legibility."
1600w-KZpYxSRdMn4,11,Hierarchy Adjustment,"layout,text,global","Make the Get Started button the focal point: enlarge 180%, center it, use deep forest green background with white uppercase bold text, and reduce the headline blocks’ size/contrast."
1600w-KZpYxSRdMn4,12,Contrast & Readability Enhancement,"color,style,local",Change ‘DIGITAL’ and ‘MARKETING’ text to white and darken their green banners to #0E5131 for improved legibility.
1600w-KZpYxSRdMn4,13,Add Secondary Text Block,"text,layout,local","Add a small sans-serif subtitle below “AGENCY” reading “Grow leads with data-driven campaigns” in #184D3A, center-aligned."
1600w-KZpYxSRdMn4,14,Theme Restyling,"style,color,global","Restyle to a winter holiday theme: change palette to deep forest green #184D3A and crimson #B22222, add small snowflake icons around header, update button text to ""Get Festive Deals""."
1600w-NEoYkSVC058,0,Color Palette Variation,"color,global","Change all blacks to deep navy (#0D1B2A), whites to warm ivory (#F4F0E8), and line art to muted gold (#C9A227) to shift to an elegant night-blue palette while preserving contrast."
1600w-NEoYkSVC058,1,Translation,"text,global","Translate all on-poster text to French, changing 'FASHION STYLE' and 'Fashion Style' to 'Style de Mode', keeping the brand name 'Rimberio' and the URL unchanged."
1600w-NEoYkSVC058,2,2-Element Layout Swap,"layout,global","Swap the full-bleed left model photo with the right black information panel (title, illustration, and text), keeping equal margins and centered alignments to preserve balance."
1600w-NEoYkSVC058,3,Global Layout Change,"layout,global","Rebuild into a horizontal layout: set the photo as a full-width top banner, then create a two-column bottom section with brand/heading left and illustration/text right, add centered footer."
1600w-NEoYkSVC058,4,Object Removal,"layout,local",Remove the small white lorem paragraph on the dark center area; shift the left 'Rimberio' script title slightly right to balance the composition.
1600w-NEoYkSVC058,5,Object Addition,"layout,local",Add a small QR code in a white square container centered above the website URL on the right panel.
1600w-NEoYkSVC058,6,Copy Expansion,"text,layout,global","Expand the small white paragraph near center into a 2–3× longer paragraph, preserving its tone, white color, body size, and left alignment."
1600w-NEoYkSVC058,7,Image Replacement,"image,layout,local","Replace the left black-and-white model portrait with a monochrome minimalist architectural corridor scene featuring diagonal window shadows and high contrast, preserving the same framing and negative-space composition."
1600w-NEoYkSVC058,8,Typography Style Shift,"text,style,global",Replace the 'Rimberio' script with an uppercase tall serif to shift the tone to sophisticated.
1600w-NEoYkSVC058,9,Accent Recolor,"color,local",Recolor the right-panel “Rimberio” wordmark from white to muted gold #C6A15B to create a warm accent against the black background.
1600w-NEoYkSVC058,10,Background Replacement,"image,color,global","Replace both the photo backdrop and right black panel with a deep forest green (#184D3A) to charcoal (#1A1A1A) gradient background, ensuring the subject and white typography remain legible."
1600w-NEoYkSVC058,11,Hierarchy Adjustment,"layout,text,global","Make the coat illustration dominant: scale to 150% and center on the right panel, set lines to #FFFFFF, and reduce the left photo and 'Rimberio' script opacity to 40%."
1600w-NEoYkSVC058,12,Contrast & Readability Enhancement,"color,style,local",Darken the bottom-left photo area with a soft #000000 30% gradient overlay behind the 'Rimberio' and 'Fashion Style' text to enhance readability without changing layout.
1600w-NEoYkSVC058,13,Add Secondary Text Block,"text,layout,local","Add a small uppercase sans-serif subtitle ""Tailored for Modern Minimalists"" centered below ""FASHION STYLE"" on the right panel, in #CFCFCF, maintaining consistent line spacing."
1600w-NEoYkSVC058,14,Theme Restyling,"style,color,global","Restyle for winter holidays: change right panel to deep forest green (#184D3A), set line art and headings in gold (#D4AF37), add snowflake icons near logo and between text blocks."
1600w-NcQMz5zOIyQ,0,Color Palette Variation,"color,global","Switch background to deep midnight purple #2B0052, recolor confetti neon cyan #00F0FF and hot pink #FF2E8E, set LETS PARTY lime #D7FF00, keep YOU ARE INVITED white."
1600w-NcQMz5zOIyQ,1,Translation,"text,global","Translate the headline to Spanish: replace ""LETS PARTY"" with ""¡VAMOS DE FIESTA!"" and replace ""YOU ARE INVITED"" with ""ESTÁS INVITADO"", preserving existing styles."
1600w-NcQMz5zOIyQ,2,2-Element Layout Swap,"layout,global","Swap the “LETS PARTY” headline with the “YOU ARE INVITED” subhead—place “LETS PARTY” top-center and move “YOU ARE INVITED” to bottom-center, aligning both centrally with equal padding."
1600w-NcQMz5zOIyQ,3,Global Layout Change,"layout,global",Rebuild as a two-panel layout: left half solid deep yellow with stacked centered title and subtitle; right half full-bleed subject photo; move confetti into a top-and-bottom decorative border.
1600w-NcQMz5zOIyQ,4,Object Removal,"layout,local","Remove confetti stars covering the subject and text; reposition ""LETS PARTY"" slightly upward to center above the waist, keeping ""YOU ARE INVITED"" centered beneath."
1600w-NcQMz5zOIyQ,5,Object Addition,"layout,local","Add a small metallic-silver disco ball illustration hanging from a thin white string near the top-right corner, complementing confetti and balancing the composition."
1600w-NcQMz5zOIyQ,6,Copy Expansion,"text,layout,global","Replace “YOU ARE INVITED” with: “YOU’RE INVITED TO DANCE, CELEBRATE, AND MAKE MEMORIES TOGETHER!”"
1600w-NcQMz5zOIyQ,7,Image Replacement,"image,layout,local",Replace the woman with boombox on yellow confetti with a snowboarder holding a board on a snowy backdrop; keep centered composition and swap confetti for falling snowflakes.
1600w-NcQMz5zOIyQ,8,Typography Style Shift,"text,style,global","Switch both lines to a tall serif, title case, light weight with wide letter spacing, and recolor to deep forest green #184D3A for a more elegant tone."
1600w-NcQMz5zOIyQ,9,Accent Recolor,"color,local",Recolor the “LETS PARTY” headline from pink to royal purple #6A0DAD to create a richer contrast against the yellow background.
1600w-NcQMz5zOIyQ,10,Background Replacement,"image,color,global","Replace the yellow confetti background with a dark midnight-purple club scene with soft spotlights and subtle sparkles, ensuring the subject stays well-lit and the pink LETS PARTY text remains readable."
1600w-NcQMz5zOIyQ,11,Hierarchy Adjustment,"layout,text,global","Make the photo dominant: scale it up and crop tighter around her; reduce ""LETS PARTY"" to small uppercase bold with 40% opacity, moving it to the bottom-right."
1600w-NcQMz5zOIyQ,12,Contrast & Readability Enhancement,"color,style,local","Add a medium deep plum (#2E0F3A) outer stroke to the pink ""LETS PARTY"" text for higher contrast against the model."
1600w-NcQMz5zOIyQ,13,Add Secondary Text Block,"text,layout,local","Add a small uppercase sans-serif subtitle 'Retro Beats • Drinks • Dancing' in white (#FFFFFF), right-aligned near the top-right corner to balance spacing."
1600w-NcQMz5zOIyQ,14,Theme Restyling,"style,color,global",Restyle to winter holiday: swap background to deep pine green with white snowflake confetti; set headline to uppercase bold white “WINTER PARTY” and subtext to “JOIN OUR WINTER CELEBRATION.”
1600w-NwdmmHkEOxk,0,Color Palette Variation,"color,global",Recolor the palette to botanical tones: background #FFF7E9; primary accents deep forest green #184D3A and sage #9BBF9B; replace peach/yellow/teal with coral #FF6F61 and moss #6B8E6E; keep text #111111.
1600w-NwdmmHkEOxk,1,Translation,"text,global","Translate the headlines to Spanish: ""Together, We Can Make a Difference""→""Juntos, Podemos Marcar la Diferencia"" and ""COMMUNITY OUTREACH PROGRAM""→""PROGRAMA DE ALCANCE COMUNITARIO""."
1600w-NwdmmHkEOxk,2,2-Element Layout Swap,"layout,global","Swap the left-panel headline/text block with the right-panel “COMMUNITY OUTREACH PROGRAM” framed title, keeping their accompanying icons and maintaining balanced margins and centered alignment on each panel."
1600w-NwdmmHkEOxk,3,Global Layout Change,"layout,global","Rebuild as a vertical single-page: place left-panel hero full-width on top, a three-column contact row beneath, program content centered below, and website plus organization consolidated into a full-width footer."
1600w-NwdmmHkEOxk,4,Object Removal,"layout,local",Remove the yellow hands icon on the right panel; vertically center the BORCELLE ORGANIZATION text and website block beneath the green badge to close the gap and maintain alignment.
1600w-NwdmmHkEOxk,5,Object Addition,"layout,local",Add a small black QR code linking to www.reallygreatsite.com centered below the dotted URL box on the right panel.
1600w-NwdmmHkEOxk,6,Copy Expansion,"text,layout,global","Expand the body paragraph under 'Together, We Can Make a Difference' to 2–3× length, adding examples of volunteering, mentoring, donating supplies, and partnerships while preserving tone and layout."
1600w-NwdmmHkEOxk,7,Image Replacement,"image,layout,local","Replace the yellow star icon beside the headline with a circle-framed illustration of interlocking hands in deep forest green, keeping the same size and position."
1600w-NwdmmHkEOxk,8,Typography Style Shift,"text,style,global","Change all headings (including 'Together...' and 'COMMUNITY OUTREACH PROGRAM') to uppercase bold sans-serif for a modern, unified tone; keep body copy in regular sans-serif."
1600w-NwdmmHkEOxk,9,Accent Recolor,"color,local","Change the mint wavy frame surrounding ""COMMUNITY OUTREACH PROGRAM"" to deep forest green #184D3A for stronger emphasis."
1600w-NwdmmHkEOxk,10,Background Replacement,"image,color,global","Replace the white and coral background with a subtle diagonal gradient from mint #EAF7F1 to warm peach #FFD6C2 across all panels, preserving black text legibility and icon contrast."
1600w-NwdmmHkEOxk,11,Hierarchy Adjustment,"layout,text,global","Enlarge the wavy-bordered “COMMUNITY OUTREACH PROGRAM” block to title-dominant, move it to the center panel, boost its contrast, and shrink the left headline to body size."
1600w-NwdmmHkEOxk,12,Contrast & Readability Enhancement,"color,style,local",Change the white line art within the yellow circular icons to deep charcoal #1F2937 to improve contrast and legibility.
1600w-NwdmmHkEOxk,13,Add Secondary Text Block,"text,layout,local","Insert a small italic sans-serif subtitle “We’re here to help—reach out anytime” below “Contact Us” on the center panel, centered in #5A5A5A to bridge the heading and icons."
1600w-NwdmmHkEOxk,14,Theme Restyling,"style,color,global","Restyle to winter holiday theme: palette #184D3A, #B22222, #FFFFFF; replace star/heart/hand icons with snowflake, ornament, and gift icons; add pine branch corner accents; keep layout unchanged."
1600w-OnW3L3V5tgI,0,Color Palette Variation,"color,global","Switch to dark playful palette: set backgrounds charcoal #111418, set text white, replace aqua/pink accents with neon lime #A8FF60 and electric purple #6A5DFF; make buttons lime with charcoal text."
1600w-OnW3L3V5tgI,1,Translation,"text,global","Translate all visible text to Spanish: headline “Calidad apta para humanos. Aprobado por perros.”, buttons “Nuestra historia” and “Nuestra comida”, and subhead/body copy accordingly."
1600w-OnW3L3V5tgI,2,2-Element Layout Swap,"layout,global","Swap the right dog photo with the left headline block, placing the image left and the text right, keeping equal side margins and vertically centered alignment."
1600w-OnW3L3V5tgI,3,Global Layout Change,"layout,global","Convert to vertical scroll layout: full-bleed hero image on top with centered overlay headline; below, two-column copy/CTAs; place brand in a fixed nav; use white background with #00C0DF accents."
1600w-OnW3L3V5tgI,4,Object Removal,"layout,local","Remove the “SAVOR DOG FOOD” heading; shift “HUMAN-GRADE. Dog-approved.” upward to fill the space, maintaining left alignment and even spacing above the body copy and buttons."
1600w-OnW3L3V5tgI,5,Object Addition,"layout,local","Add a small white paw-print icon above “SAVOR DOG FOOD,” aligned left as a decorative accent to fill the top-left space and balance the layout."
1600w-OnW3L3V5tgI,6,Copy Expansion,"text,layout,global","Expand the small paragraph under “HUMAN-GRADE. Dog-approved.” to 45–55 words in a friendly, benefit-driven tone, preserving current column width, balanced line lengths, and clear spacing before the two buttons."
1600w-OnW3L3V5tgI,7,Image Replacement,"image,layout,local","Replace the right-side fluffy dog portrait with a close-up tabby cat facing right, keeping the rounded rectangle crop and split teal/pink background for a playful feline theme."
1600w-OnW3L3V5tgI,8,Typography Style Shift,"text,style,global","Convert all headings to a tall serif, title case, medium weight for a more elegant tone; keep body text sans-serif regular."
1600w-OnW3L3V5tgI,9,Accent Recolor,"color,local",Recolor the “OUR FOOD” button fill to vibrant coral #FF6F61 while keeping its text dark for contrast.
1600w-OnW3L3V5tgI,10,Background Replacement,"image,color,global","Replace the cyan/pink background with a cozy home kitchen scene in muted beige and wood tones, leaving clean empty space behind the text and preserving the white dog’s visibility."
1600w-OnW3L3V5tgI,11,Hierarchy Adjustment,"layout,text,global","Enlarge the dog photo to cover 70% width and center; shrink the headline to body size, lighten to #BFEFF5, and place beneath the image to shift focus to the photo."
1600w-OnW3L3V5tgI,12,Contrast & Readability Enhancement,"color,style,local",Darken the left cyan background to #0C9BB5 to enhance contrast for the white headings and body copy.
1600w-OnW3L3V5tgI,13,Add Secondary Text Block,"text,layout,local","Add a small uppercase sans-serif subtitle above “HUMAN-GRADE.” reading “VET-CRAFTED RECIPES” in white (#FFFFFF) with slight letterspacing, aligned left with the headline."
1600w-OnW3L3V5tgI,14,Theme Restyling,"style,color,global","Convert to winter holiday theme: deep forest green left, cranberry #B31237 right, add snowflake background pattern, change CTA buttons to gold #D4AF37, and place red knit scarf on the dog."
1600w-ROAkphj1zsA,0,Color Palette Variation,"color,global","Replace cream background and deep green elements with dark-mode: background charcoal #0E0E10, text/limbs mint #C8FFE3, face golden yellow #FFD44D, nose coral #FF6B6B, gloves soft gray #E5E5E5."
1600w-ROAkphj1zsA,1,Translation,"text,global","Translate the headline to Spanish: ""¡Di sí a los desafíos!"" keeping current placement, color, and typography."
1600w-ROAkphj1zsA,2,2-Element Layout Swap,"layout,global","Swap the walking character to the left and move the headline to the right, right-aligning the text and centering both elements vertically to maintain balanced white space."
1600w-ROAkphj1zsA,3,Global Layout Change,"layout,global","Switch to a stacked layout: center the character at top, place the headline below centered, increase vertical spacing, and add generous side margins for a poster-like composition."
1600w-ROAkphj1zsA,4,Object Removal,"layout,local","Remove the oval shadow beneath the character, then shift the character slightly downward to maintain visual weight; keep the “Say yes to challenges!” text unchanged."
1600w-ROAkphj1zsA,5,Object Addition,"layout,local","Add a small #184D3A mountain peak icon below the text's last line, left-aligned, to symbolize challenges and balance the empty lower-left space."
1600w-ROAkphj1zsA,6,Copy Expansion,"text,layout,global","Expand the left headline, keeping current tall serif deep forest green, to: “Say yes to challenges! Embrace new paths, learn from stumbles, and keep moving with optimism.”"
1600w-ROAkphj1zsA,7,Image Replacement,"image,layout,local","Replace the walking yellow smiley mascot with a determined mountain climber cartoon in the same pose and scale, keeping the vintage palette and right-side placement beside the text."
1600w-ROAkphj1zsA,8,Typography Style Shift,"text,style,global","Switch the headline to uppercase bold sans-serif for a confident, modern tone."
1600w-ROAkphj1zsA,9,Accent Recolor,"color,local","Recolor the headline text to terracotta #B04B2F, replacing the current dark green."
1600w-ROAkphj1zsA,10,Background Replacement,"image,color,global","Replace the speckled beige background with a light sky-blue gradient (#EAF6FF–#B7E3FF) featuring subtle soft clouds, preserving high contrast for the dark-green headline and yellow character."
1600w-ROAkphj1zsA,11,Hierarchy Adjustment,"layout,text,global","Enlarge the walking smiley to dominate the center; shrink the headline to small sans-serif, change color to #5C7A6C, and align it bottom-left."
1600w-ROAkphj1zsA,12,Contrast & Readability Enhancement,"color,style,local","Place a pale-cream #FAF6EE translucent rectangle behind the headline, softly feathered, to reduce background speckle and increase text contrast without changing layout."
1600w-ROAkphj1zsA,13,Add Secondary Text Block,"text,layout,local","Add a small sans-serif subtitle under the headline, left-aligned, in #184D3A reading: “Keep moving forward—one step at a time.” with gentle letter-spacing to balance white space."
1600w-ROAkphj1zsA,14,Theme Restyling,"style,color,global","Restyle for winter holidays: switch background to icy #EAF6FF with soft snowflake pattern, add Santa hat and red scarf to mascot, recolor headline to deep crimson #8B0000."
1600w-Rx4XBLKvk68,0,Color Palette Variation,"color,global","Recolor the palette: replace sage green (#79A86A) with deep indigo #1B2A41, switch light gray background to warm ivory #FFF7EB, and set all body text to charcoal #222."
1600w-Rx4XBLKvk68,1,Translation,"text,global","Translate all visible English text to Spanish; change 'PORTFOLIO' to 'PORTAFOLIO', 'CREATIVE' to 'CREATIVO', and 'OCTOBER/2025' to 'OCTUBRE/2025'."
1600w-Rx4XBLKvk68,2,2-Element Layout Swap,"layout,global","Swap the central model and ""PORTFOLIO"" headline: move the model to the left column, right-align ""PORTFOLIO"" across the right half, maintaining equal vertical centering."
1600w-Rx4XBLKvk68,3,Global Layout Change,"layout,global",Switch to a split layout with left sidebar; place 'CREATIVE' and date inside; center model full-bleed; move 'PORTFOLIO' to a bottom banner; set body text into two columns.
1600w-Rx4XBLKvk68,4,Object Removal,"layout,local",Remove the overlapping “Hannah Morales” text over the right paragraph; shift that paragraph slightly right and up to align with the grid and maintain balanced spacing with the left column.
1600w-Rx4XBLKvk68,5,Object Addition,"layout,local","Add a small sage green (#6FA66E) outline pencil icon above the right text column, aligned with the left icon’s height to balance the layout."
1600w-Rx4XBLKvk68,6,Copy Expansion,"text,layout,global","Expand the left lorem ipsum paragraph beneath the green icon to 2–3× length in matching tone, ensuring justified alignment and line spacing preserve the current column width and margins."
1600w-Rx4XBLKvk68,7,Image Replacement,"image,layout,local","Replace the centered fashion model photo with a full-length rock climber in gear holding a rope, maintaining scale and centered overlap on PORTFOLIO for an adventurous, outdoor theme."
1600w-Rx4XBLKvk68,8,Typography Style Shift,"text,style,global","Switch all headlines (“PORTFOLIO,” “CREATIVE,” and date) to tall serif light with generous letterspacing to shift the tone from playful to elegant."
1600w-Rx4XBLKvk68,9,Accent Recolor,"color,local",Recolor the large PORTFOLIO headline from light sage to deep forest green #184D3A to increase emphasis while harmonizing with the green globe icon.
1600w-Rx4XBLKvk68,10,Background Replacement,"image,color,global","Replace the light gray background with a soft paper texture in pale cream #FFF7E6, ensuring strong contrast so the green PORTFOLIO text and central subject remain clear."
1600w-Rx4XBLKvk68,11,Hierarchy Adjustment,"layout,text,global","Enlarge the central model image to become the focal point, scaling it big and centered; reduce “PORTFOLIO” to smaller, lighter #A8C79A letters positioned behind the figure."
1600w-Rx4XBLKvk68,12,Contrast & Readability Enhancement,"color,style,local",Add a soft off-white (#F4F4F4) rectangular overlay behind “Hannah Morales” and recolor the name to deep forest green (#184D3A) to separate it from the paragraph.
1600w-Rx4XBLKvk68,13,Add Secondary Text Block,"text,layout,local","Add a small uppercase sans-serif subtitle ""Selected Works 2024–2025"" centered directly beneath PORTFOLIO in dark gray #2F2F2F."
1600w-Rx4XBLKvk68,14,Theme Restyling,"style,color,global","Restyle to winter holidays: switch palette to deep forest green #184D3A and crimson #B3122D, add small snowflake icons, swap central figure for wrapped gift stack, update date to DECEMBER/2025."
1600w-VLAmdFwJm1I,0,Color Palette Variation,"color,global","Replace the blue-and-white palette: change all blues to deep forest green #184D3A, swap white backgrounds for soft cream #FFF6E5, and set headline text to near-black #111827."
1600w-VLAmdFwJm1I,1,Translation,"text,global","Translate 'CAMPAIGN HUB' to Spanish 'CENTRO DE CAMPAÑAS' in uppercase bold, and change 'VIVID MARKETING' to 'MARKETING VÍVIDO'."
1600w-VLAmdFwJm1I,2,2-Element Layout Swap,"layout,global","Swap the group photo and 'CAMPAIGN HUB' banner: move the headline block to the top full-width and center, place the photo below it, maintaining equal margins."
1600w-VLAmdFwJm1I,3,Global Layout Change,"layout,global","Rebuild as a split-screen: place the photo left full-height, move the white panel with all text to the right, introduce a persistent top navigation bar and generous gutters throughout."
1600w-VLAmdFwJm1I,4,Object Removal,"layout,local",Remove the small “VIVID MARKETING” label above the headline; vertically center “CAMPAIGN HUB” within the white panel and slightly increase top and bottom padding to maintain balance.
1600w-VLAmdFwJm1I,5,Object Addition,"layout,local","Add a small royal blue #0057FF megaphone icon to the left of “VIVID MARKETING” in the white bar, vertically centered to reinforce theme without overpowering."
1600w-VLAmdFwJm1I,6,Copy Expansion,"text,layout,global","Expand the 'VIVID MARKETING' text into a small body paragraph (2–3 sentences) describing the hub’s mission and collaboration, keep sans-serif and #1E5BFF, centered above the 'CAMPAIGN HUB' headline."
1600w-VLAmdFwJm1I,7,Image Replacement,"image,layout,local","Replace the top group collaboration photo with a similarly framed image of a mountain expedition team studying a map around a table, conveying a cool, adventurous mood."
1600w-VLAmdFwJm1I,8,Typography Style Shift,"text,style,global","Change “CAMPAIGN HUB” to tall serif, title case, semi-bold in deep navy #0B1F3B."
1600w-VLAmdFwJm1I,9,Accent Recolor,"color,local","Recolor the ""CAMPAIGN HUB"" headline text to deep forest green #184D3A."
1600w-VLAmdFwJm1I,10,Background Replacement,"image,color,global","Replace the white wall background with a deep navy-to-teal gradient (#0B1B3B to #137A7F), keeping the people and the CAMPAIGN HUB banner crisp and unobstructed."
1600w-VLAmdFwJm1I,11,Hierarchy Adjustment,"layout,text,global","Expand the photo to full-bleed, remove the white banner, and place a small uppercase sans-serif ""CAMPAIGN HUB"" in #1E3A8A at bottom-right."
1600w-VLAmdFwJm1I,12,Contrast & Readability Enhancement,"color,style,local",Change “VIVID MARKETING” to deep navy #0A1A4F and add a subtle shadow to increase contrast against the white banner.
1600w-VLAmdFwJm1I,13,Add Secondary Text Block,"text,layout,local","Add centered body-size subtitle below “CAMPAIGN HUB” reading “Resources, templates, and timelines for every launch.” in #4A4A4A sans-serif regular, with ample top margin to balance spacing."
1600w-VLAmdFwJm1I,14,Theme Restyling,"style,color,global","Restyle for winter holidays: replace blue with #0A5A2D and #C21807, add small snowflake icons along the white bar edges, update main title to 'HOLIDAY CAMPAIGN HUB' in uppercase bold."
1600w-Vu6fJpXHfB0,0,Color Palette Variation,"color,global",Switch to dark mode by setting background to charcoal #121212 and changing all text and the question mark to vibrant yellow #FFD84D.
1600w-Vu6fJpXHfB0,1,Translation,"text,global",Translate all text to Spanish; 'DID YOU KNOW' -> '¿LO SABÍAS?'; subtext -> 'El agua caliente se congela más rápido que el agua fría.'
1600w-Vu6fJpXHfB0,2,2-Element Layout Swap,"layout,global","Swap the oversized black question mark to the left and move the ""DID YOU KNOW"" headline to the right, keeping the small fact centered under the headline."
1600w-Vu6fJpXHfB0,3,Global Layout Change,"layout,global","Switch to a centered vertical layout: position the question mark top-center, stack headline below, place the fact in a full-width bottom bar, increase overall margins and spacing."
1600w-Vu6fJpXHfB0,4,Object Removal,"layout,local","Remove the small fact paragraph, then scale up and vertically center “DID YOU KNOW” while nudging the question mark right to preserve negative space."
1600w-Vu6fJpXHfB0,5,Object Addition,"layout,local",Insert a small #1E90FF snowflake icon centered beneath the subtext to complement the ice fact and balance the layout.
1600w-Vu6fJpXHfB0,6,Copy Expansion,"text,layout,global","Replace body text with: Hot water can freeze faster than cold water, called the Mpemba effect; evaporation, convection, and dissolved gases may contribute, and scientists continue investigating its cause."
1600w-Vu6fJpXHfB0,7,Image Replacement,"image,layout,local","Swap the large 3D black question mark on the right for a giant matte-white lightbulb icon with matching perspective and shadow, keeping placement and yellow background unchanged."
1600w-Vu6fJpXHfB0,8,Typography Style Shift,"text,style,global","Switch all text to a tall serif, reduce weight to medium, add generous letter-spacing, and convert the headline to Title Case for a more elegant tone."
1600w-Vu6fJpXHfB0,9,Accent Recolor,"color,local",Recolor the large 3D question mark to deep royal blue #1E3A8A.
1600w-Vu6fJpXHfB0,10,Background Replacement,"image,color,global","Replace the solid yellow background with a smooth ice-blue (#D7F0FF to #A7D8FF) gradient to convey coolness, keeping black text and question mark sharply legible."
1600w-Vu6fJpXHfB0,11,Hierarchy Adjustment,"layout,text,global","Make the fact sentence dominant: enlarge to title size, center on canvas in uppercase bold #000000; reduce DID YOU KNOW to small sans-serif and move above as a header."
1600w-Vu6fJpXHfB0,12,Contrast & Readability Enhancement,"color,style,local",Add a semi-transparent dark overlay (#000000 at 20% opacity) directly behind the small body text to improve readability against the yellow background.
1600w-Vu6fJpXHfB0,13,Add Secondary Text Block,"text,layout,local","Add a small uppercase sans-serif label ""SCIENCE FACT"" in #184D3A above the body fact line, centered under ""DID YOU KNOW"", increasing spacing to create clear separation."
1600w-Vu6fJpXHfB0,14,Theme Restyling,"style,color,global","Restyle to Christmas theme: background deep forest green #184D3A, question mark snow white, headline uppercase bold crimson #C1121F, body text white, add small white snowflakes; preserve layout."
1600w-_HHyJ9eyu3Q,0,Color Palette Variation,"color,global","Swap to a light palette: change maroon panels to ivory #FAF6EE, set headings deep forest green #184D3A, body text charcoal #2E2E2E, and recolor blue accents warm terracotta #C96757."
1600w-_HHyJ9eyu3Q,1,Translation,"text,global",Translate headline and bottom-right tagline to Spanish: 'BRAND ASSETS' → 'RECURSOS DE MARCA'; 'Functional items for everyday living' → 'Artículos funcionales para la vida cotidiana'.
1600w-_HHyJ9eyu3Q,2,2-Element Layout Swap,"layout,global","Swap the right product photo with the left “BRAND ASSETS” block; place the photo left and the headline right, both vertically centered with equal side margins."
1600w-_HHyJ9eyu3Q,3,Global Layout Change,"layout,global","Rebuild as a vertical landing page: top full-width hero image, below centered headline, then tagline, then logo block; use a 12-column grid with wide gutters and equal padding."
1600w-_HHyJ9eyu3Q,4,Object Removal,"layout,local",Remove the “Functional items for everyday living” text; enlarge the product photo to fill the right column vertically and align its left edge with the “BRAND ASSETS” column gutter.
1600w-_HHyJ9eyu3Q,5,Object Addition,"layout,local",Add a small light-blue (#A7D8FF) outlined basket icon to the left of “Functional items for everyday living” to balance the lower-right area.
1600w-_HHyJ9eyu3Q,6,Copy Expansion,"text,layout,global","Replace the bottom-right tagline ""Functional items for everyday living"" with: ""Functional items for everyday living, thoughtfully designed for daily routines and built to last."""
1600w-_HHyJ9eyu3Q,7,Image Replacement,"image,layout,local",Replace the central photo of two torso-only models holding woven baskets with a similar composition of them holding ceramic potted succulents against a matching red background.
1600w-_HHyJ9eyu3Q,8,Typography Style Shift,"text,style,global","Replace all text with a tall serif in regular weight, converting headings to title case to shift the tone from playful to elegant."
1600w-_HHyJ9eyu3Q,9,Accent Recolor,"color,local",Recolor the “BRAND ASSETS” headline from light blue to vibrant golden yellow #FFC845 to create a warmer focal point against the maroon background.
1600w-_HHyJ9eyu3Q,10,Background Replacement,"image,color,global","Replace all maroon/red backgrounds with deep forest green (#184D3A) across the layout, masking tightly around the models, baskets, and typography to maintain strong contrast and legibility."
1600w-_HHyJ9eyu3Q,11,Hierarchy Adjustment,"layout,text,global","Enlarge the central photo to occupy 70% of the canvas, center it; demote ""BRAND ASSETS"" to small uppercase in #8B3C42 at bottom-left."
1600w-_HHyJ9eyu3Q,12,Contrast & Readability Enhancement,"color,style,local",Change the “OUR LOGO” caption color to white (#FFFFFF) for higher contrast on the burgundy background.
1600w-_HHyJ9eyu3Q,13,Add Secondary Text Block,"text,layout,local","Add a small sans-serif subtitle ""Visual guidelines for consistent identity"" below ""BRAND ASSETS"", left-aligned in soft sky blue (#B7E3FF), with modest spacing above ""OUR LOGO""."
1600w-_HHyJ9eyu3Q,14,Theme Restyling,"style,color,global","Retheme to winter holiday: set background #184D3A, accents snowy white; add snowflake icons; replace photo with wrapped gifts; update titles to 'HOLIDAY ASSETS' and 'Warm gifts for everyday life'."
1600w-bU_eCuLHDN8,0,Color Palette Variation,"color,global","Replace lime rectangle with soft aqua #C7F2F5, switch pink text/flowers to vibrant tangerine #FF7A00, and change black–white checks to deep navy #0E2A47 and warm cream #FFF4E0."
1600w-bU_eCuLHDN8,1,Translation,"text,global","Translate 'OUT OF OFFICE' to Spanish 'FUERA DE LA OFICINA' and 'A LITTLE HEADS UP' to 'UN PEQUEÑO AVISO', preserving existing styles and colors."
1600w-bU_eCuLHDN8,2,2-Element Layout Swap,"layout,global","Swap the positions of “OUT OF OFFICE” and “A LITTLE HEADS UP,” placing the headline top-center and the subhead centered where the headline was."
1600w-bU_eCuLHDN8,3,Global Layout Change,"layout,global","Switch to a 2-column split-screen: left full-bleed checkerboard, right lime panel; apply generous outer margins, center all content vertically, and align decorative motifs to panel corners."
1600w-bU_eCuLHDN8,4,Object Removal,"layout,local","Remove the “A LITTLE HEADS UP” line, then enlarge and vertically center “OUT OF OFFICE” within the lime rectangle to balance spacing."
1600w-bU_eCuLHDN8,5,Object Addition,"layout,local","Add a small pink (#FF5AB7) calendar icon to the top-left of the lime rectangle, aligning with margins to balance the flowers and support the “Out of Office” message."
1600w-bU_eCuLHDN8,6,Copy Expansion,"text,layout,global","Expand the black heading ""A LITTLE HEADS UP"" into: ""A LITTLE HEADS UP—WE'RE AWAY. REPLIES MAY BE SLOW TILL MONDAY."""
1600w-bU_eCuLHDN8,7,Image Replacement,"image,layout,local","Replace the black-and-white checkerboard background with a muted pastel watercolor pattern, keeping the centered lime panel and pink flower accents unchanged."
1600w-bU_eCuLHDN8,8,Typography Style Shift,"text,style,global","Replace “OUT OF OFFICE” pink cursive with uppercase bold tall serif in deep charcoal #2B2B2B for a refined, elegant tone."
1600w-bU_eCuLHDN8,9,Accent Recolor,"color,local","Recolor the ""OUT OF OFFICE"" headline from pink to deep purple #682E9B for stronger contrast with the lime background."
1600w-bU_eCuLHDN8,10,Background Replacement,"image,color,global","Replace the black-and-white checkerboard background with a soft pastel gradient from lavender to sky blue that contrasts with the lime panel, ensuring the pink text remains legible."
1600w-bU_eCuLHDN8,11,Hierarchy Adjustment,"layout,text,global","Make 'A LITTLE HEADS UP' dominant: enlarge to title uppercase bold, center; shrink 'OUT OF OFFICE' to small below; change its color to muted gray #8A8A8A."
1600w-bU_eCuLHDN8,12,Contrast & Readability Enhancement,"color,style,local",Change the “OUT OF OFFICE” text color to deep magenta #B0006D for stronger contrast against the lime green background.
1600w-bU_eCuLHDN8,13,Add Secondary Text Block,"text,layout,local","Add small sans-serif subtitle ""Back on Monday"" centered below ""OUT OF OFFICE"" in black."
1600w-bU_eCuLHDN8,14,Theme Restyling,"style,color,global","Restyle for winter holidays: keep layout, change checkerboard to deep red/evergreen stripes, panel to cream #FFF3E0, main text gold #D4AF37, small text forest green, swap pink flowers for white snowflakes."
1600w-e_KkH19ObUk,0,Color Palette Variation,"color,global",Replace the lavender background with light sage #E8F2EB; set all text to deep forest green #184D3A; change the Explore button to #184D3A with white label; keep the flowers unchanged.
1600w-e_KkH19ObUk,1,Translation,"text,global","Translate all on-image text to Spanish: 'Heavenly Scent'→'Fragancia Celestial'; 'Blooming with brilliance'→'Floreciendo con brillo'; body→'Recién arreglados, de origen local y preparados con cuidado para cada ocasión.'; button 'Explore'→'Explorar'."
1600w-e_KkH19ObUk,2,2-Element Layout Swap,"layout,global","Swap positions of the flower image and headline block; move text to left with left alignment and keep CTA beneath, place flowers on right filling height to balance."
1600w-e_KkH19ObUk,3,Global Layout Change,"layout,global",Transform into a full-bleed hero with the flower image as background and centered text/CTA overlay; move the brand into a fixed left sidebar; introduce a responsive 12‑column grid.
1600w-e_KkH19ObUk,4,Object Removal,"layout,local",Remove the small pink flower bud along the left edge; nudge the bouquet slightly left and scale up 5% to maintain balance without overlapping the headline.
1600w-e_KkH19ObUk,5,Object Addition,"layout,local","Add a small white line-art flower icon to the left of ""Heavenly Scent,"" vertically centered with the text, with comfortable spacing to serve as a subtle brand mark."
1600w-e_KkH19ObUk,6,Copy Expansion,"text,layout,global","Expand the small body copy below 'brilliance' to 2–3× length, keeping left alignment and column width, preserving friendly tone and spacing above the Explore button."
1600w-e_KkH19ObUk,7,Image Replacement,"image,layout,local","Replace the left-aligned pink flower bouquet with a left-aligned arrangement of lush green succulents, keeping similar scale, cropping, and negative space against the purple background."
1600w-e_KkH19ObUk,8,Typography Style Shift,"text,style,global","Switch all headings (“Heavenly Scent” and “Blooming with brilliance”) to tall serif, reduce weight to regular, and use title case to shift the tone toward elegant."
1600w-e_KkH19ObUk,9,Accent Recolor,"color,local",Recolor the word “brilliance” to coral #FF6B6B.
1600w-e_KkH19ObUk,10,Background Replacement,"image,color,global","Replace the lavender background with a subtle spring garden scene in muted greens (#6BAF92, #94CFAE), preserving high contrast for the white text and keeping flowers fully foregrounded."
1600w-e_KkH19ObUk,11,Hierarchy Adjustment,"layout,text,global","Scale up the bouquet image to huge and center it, reduce the headline to body size in light gray #B3B3B3, stacking all text and the Explore button beneath."
1600w-e_KkH19ObUk,12,Contrast & Readability Enhancement,"color,style,local",Change “Heavenly Scent” and the small paragraph text color to deep plum #3A0D5E for stronger contrast against the lavender background.
1600w-e_KkH19ObUk,13,Add Secondary Text Block,"text,layout,local","Add a small uppercase subtitle “Artful blooms, delivered daily” below “Heavenly Scent,” center-aligned in white sans-serif with generous letter-spacing to balance the top spacing."
1600w-e_KkH19ObUk,14,Theme Restyling,"style,color,global","Convert to a winter holiday theme: change background to deep forest green (#184D3A), swap bouquet for poinsettias/evergreens, use snow-white text, add subtle corner snowflakes, keep layout unchanged."
1600w-eqZAnXprFhg,0,Color Palette Variation,"color,global","Swap the orange/yellow/beige/blue on light gray for a teal–indigo palette: header and center #0F766E with white text, cards #EAF4F1/#A7F3D0/#93C5FD, keep black arrows and body text."
1600w-eqZAnXprFhg,1,Translation,"text,global","Translate all visible text (Mind Map, description, Topic, and every note) into Spanish while preserving layout, typography, and colors."
1600w-eqZAnXprFhg,2,2-Element Layout Swap,"layout,global",Swap the 'Mind Map' title left with the explanatory text block right within the top orange bar; keep equal margins and align both to their new sides.
1600w-eqZAnXprFhg,3,Global Layout Change,"layout,global","Rebuild into a vertical hierarchy: merge title and description into a top bar, center 'Topic' beneath, stack idea cards as indented rows, replace arrows with vertical connectors."
1600w-eqZAnXprFhg,4,Object Removal,"layout,local",Remove the top-right orange subheading 'Explore ideas and information around a main idea or topic'; move the entire mind map up slightly to re-center and maintain balanced spacing.
1600w-eqZAnXprFhg,5,Object Addition,"layout,local","Add a small white lightbulb icon to the left of the ""Explore ideas and information..."" tagline in the top-right orange header."
1600w-eqZAnXprFhg,6,Copy Expansion,"text,layout,global","Replace the bottom-right white box text with ""Your awesome idea goes here. Summarize its benefit, key steps, resources, risks, and collaborators to explore options and refine the concept."""
1600w-eqZAnXprFhg,7,Image Replacement,"image,layout,local","Swap the mind map graphic for a constellation-themed network: a central bright star with radiating star nodes and connecting lines, using a midnight-blue background with white and gold accents."
1600w-eqZAnXprFhg,8,Typography Style Shift,"text,style,global",Switch all text from heavy sans-serif to tall serif with light weight and title-case for a more elegant tone.
1600w-eqZAnXprFhg,9,Accent Recolor,"color,local",Recolor the central “Topic” rounded rectangle fill to deep teal #0EA5A7; leave all other elements unchanged.
1600w-eqZAnXprFhg,10,Background Replacement,"image,color,global","Replace the light gray canvas and orange header background with a solid deep navy #0E1A2B to enhance contrast, keeping all text and boxes unchanged."
1600w-eqZAnXprFhg,11,Hierarchy Adjustment,"layout,text,global","Make the central 'Topic' card dominant: enlarge 200%, set text uppercase bold, change fill to #FF8A3D, and reduce 'Mind Map' headline to small light gray."
1600w-eqZAnXprFhg,12,Contrast & Readability Enhancement,"color,style,local",Switch white text on all light-blue idea cards to dark navy #0B1E3A and replace gray text on beige cards with charcoal #2B2B2B for sharper contrast.
1600w-eqZAnXprFhg,13,Add Secondary Text Block,"text,layout,local","Add a small sans-serif subtitle beneath 'Mind Map' in the orange header: 'A simple structure to capture ideas', #444444, left-aligned with the title."
1600w-eqZAnXprFhg,14,Theme Restyling,"style,color,global","Restyle to autumn harvest: set header gradient to #C04A1A to #F2B705; recolor node boxes #184D3A, #FFF6E5, #B9472D; set arrows #3B2A1A; make title uppercase bold."
1600w-gOlznvJ4zdk,0,Color Palette Variation,"color,global","Recolor to a warm sand palette: background #F5E6CC, grid #E9D8B4, card panel #FFFFFF, text/icons deep espresso #2B1E16, jar outline #2B1E16, hearts coral #E8594F and apricot #F6A85A."
1600w-gOlznvJ4zdk,1,Translation,"text,global","Translate the headline “Self-Care Jar” and all step text to Spanish, keeping the existing layout and typography consistent."
1600w-gOlznvJ4zdk,2,2-Element Layout Swap,"layout,global","Swap the jar illustration and ""Self-Care Jar"" headline: move the jar to the top center and place the headline below it, centered, keeping equal margins."
1600w-gOlznvJ4zdk,3,Global Layout Change,"layout,global","Reflow to a vertical mobile layout: center the title, place the jar beneath, convert steps into three stacked full-width panels with equal spacing and padding; add wider margins."
1600w-gOlznvJ4zdk,4,Object Removal,"layout,local",Remove the small black marks near the title and the top-right doodle; center the title and move the jar up slightly to maintain balance.
1600w-gOlznvJ4zdk,5,Object Addition,"layout,local",Add a small sage-green leaf sprig illustration in the top-left corner to balance the white heart doodle on the top-right.
1600w-gOlznvJ4zdk,6,Copy Expansion,"text,layout,global","Expand step 2 copy to: Write down favorite self-care ideas on strips of paper—soothing actions like a walk, stretching, journaling, calling a friend, sipping tea, or mindful breathing."
1600w-gOlznvJ4zdk,7,Image Replacement,"image,layout,local","Swap the central heart-filled jar illustration for a glass terrarium containing small succulents, maintaining the same central placement and simple line style."
1600w-gOlznvJ4zdk,8,Typography Style Shift,"text,style,global",Switch all text to a refined tall serif; set the title uppercase bold and body light italic to shift from playful to elegant.
1600w-gOlznvJ4zdk,9,Accent Recolor,"color,local",Recolor the “Self-Care Jar” headline from dark green to rich terracotta #C15A3D.
1600w-gOlznvJ4zdk,10,Background Replacement,"image,color,global","Replace the pale green grid background with a soft peach (#FAD7C8) to cream gradient, removing the grid, and ensure all dark-green text and the white panel remain fully legible."
1600w-gOlznvJ4zdk,11,Hierarchy Adjustment,"layout,text,global","Enlarge the jar illustration to dominate the center and shrink the “Self-Care Jar” heading to small sans-serif above it, making the jar the primary focal point."
1600w-gOlznvJ4zdk,12,Contrast & Readability Enhancement,"color,style,local","Deepen the step numbers '1', '2', '3' to deep forest green (#184D3A) and add a faint charcoal (#333333) shadow to improve contrast against the white panel."
1600w-gOlznvJ4zdk,13,Add Secondary Text Block,"text,layout,local","Add a small subtitle centered beneath 'Self-Care Jar': 'A simple way to refill your cup,' in sans-serif italic, deep forest green (#184D3A), with subtle letter-spacing."
1600w-gOlznvJ4zdk,14,Theme Restyling,"style,color,global","Convert to winter holiday theme: change palette to pine green #1B5E20, cranberry #B71C1C, snow #F7FAFC; replace heart icons with star/snowflake shapes; update title to ""Holiday Self‑Care Jar""."
1600w-ijK0RlZ5JR8-1,0,Color Palette Variation,"color,global","Rebrand to dark mode: set background deep navy #0D1B2A, circle soft cream #FFF4E6; change headline to electric teal #00B3A6, “QUICK TIPS” to coral #FF6B6B, arrow to mustard #C99A00."
1600w-ijK0RlZ5JR8-1,1,Translation,"text,global",Translate all text to Spanish: change 'QUICK TIPS' to 'CONSEJOS RÁPIDOS' and 'MAKE THE MOST OF YOUR WORKOUTS' to 'APROVECHA AL MÁXIMO TUS ENTRENAMIENTOS'.
1600w-ijK0RlZ5JR8-1,2,2-Element Layout Swap,"layout,global","Recompose by shifting the pink headline to the left half of the white circle and moving the orange arrow to the right half, both vertically centered for balance."
1600w-ijK0RlZ5JR8-1,3,Global Layout Change,"layout,global",Convert to a two-column grid; drop the white circle; stack all text left-aligned in the left column; place the arrow centered in the right column; add a full-width footer bar.
1600w-ijK0RlZ5JR8-1,4,Object Removal,"layout,local",Remove the orange arrow; center the remaining text block vertically within the white circle and slightly increase spacing between “QUICK TIPS” and the headline.
1600w-ijK0RlZ5JR8-1,5,Object Addition,"layout,local","Add a small deep teal dumbbell icon inside the white circle, above and slightly left of the orange arrow, to balance space and reinforce the workout theme."
1600w-ijK0RlZ5JR8-1,6,Copy Expansion,"text,layout,global","Expand the pink headline 'MAKE THE MOST OF YOUR WORKOUTS' into a centered body paragraph: 'Make the most of your workouts with quick, smart tips that boost results consistently.'"
1600w-ijK0RlZ5JR8-1,7,Image Replacement,"image,layout,local","Replace the orange right-arrow icon with a minimalist stopwatch icon in #F4A300, keeping the same size and bottom-center placement."
1600w-ijK0RlZ5JR8-1,8,Typography Style Shift,"text,style,global",Change headline to tall serif title case in deep navy; make “QUICK TIPS” small italic serif #184D3A to shift tone from playful to refined.
1600w-ijK0RlZ5JR8-1,9,Accent Recolor,"color,local",Change the orange arrow to deep teal #0F6E6D.
1600w-ijK0RlZ5JR8-1,10,Background Replacement,"image,color,global","Replace the light blue background with a dynamic dark charcoal (#222222) to teal (#0FB9B1) gradient, keeping the white circular text area intact and highly legible."
1600w-ijK0RlZ5JR8-1,11,Hierarchy Adjustment,"layout,text,global","Enlarge the orange arrow to huge and center it; shrink the pink headline, move it above the arrow, and lighten to #F7AFCF so the arrow dominates."
1600w-ijK0RlZ5JR8-1,12,Contrast & Readability Enhancement,"color,style,local","Darken the “QUICK TIPS” text to deep forest green (#184D3A) to boost contrast against the white circle, leaving other colors unchanged."
1600w-ijK0RlZ5JR8-1,13,Add Secondary Text Block,"text,layout,local","Add a small sans-serif subtitle 'Simple strategies for better results' centered below the main headline within the white circle in #2A6F6F, leaving padding above the orange arrow."
1600w-ijK0RlZ5JR8-1,14,Theme Restyling,"style,color,global",Restyle for winter holidays: change background to deep navy #0A1F44 with subtle white snowflake icons; set headline to holly red #C81D25; “Quick Tips” gold #D4AF37; arrow candy-cane red/white.
1600w-jlhsA8F30Lk,0,Color Palette Variation,"color,global","Recolor to a citrus palette: background #FFF7B1, speech bubble deep forest green #184D3A with white text, and megaphone accents in #184D3A and soft lime #D8F28A."
1600w-jlhsA8F30Lk,1,Translation,"text,global",Translate the speech bubble text to Spanish: “ESTAMOS ABIERTOS HOY” and “10:00–21:00”; leave the footer handle and URL unchanged.
1600w-jlhsA8F30Lk,2,2-Element Layout Swap,"layout,global","Swap the speech bubble with headline to the left side and move the megaphone to the right, keeping sizes unchanged and aligning the bubble tail toward the megaphone."
1600w-jlhsA8F30Lk,3,Global Layout Change,"layout,global","Switch to a two-column grid: place speech bubble full-height left, stack megaphone above contact/footer in right column, apply wide gutters and equal margins, center-align content within each column."
1600w-jlhsA8F30Lk,4,Object Removal,"layout,local","Remove the bottom handle text '@reallygreatsite | www.reallygreatsite.com'; move the speech bubble slightly downward and center-left to balance whitespace, preserving the existing headline and hours."
1600w-jlhsA8F30Lk,5,Object Addition,"layout,local","Add a small white clock icon to the right of “10AM - 9PM” inside the speech bubble, vertically centered with the text."
1600w-jlhsA8F30Lk,6,Copy Expansion,"text,layout,global","Expand the speech-bubble headline to: “WE ARE OPEN TODAY AND READY TO HELP.” Keep uppercase bold and centered, ensuring text wraps neatly within the pink bubble."
1600w-jlhsA8F30Lk,7,Image Replacement,"image,layout,local","Replace the 3D pink megaphone with a 3D steaming coffee cup, same size and left position, keeping the speech bubble composition for a cozy café announcement mood."
1600w-jlhsA8F30Lk,8,Typography Style Shift,"text,style,global","Switch the speech bubble text to a tall serif, title case, medium weight to shift the tone from playful to elegant."
1600w-jlhsA8F30Lk,9,Accent Recolor,"color,local",Recolor the large speech bubble to deep forest green #184D3A.
1600w-jlhsA8F30Lk,10,Background Replacement,"image,color,global","Replace the off-white background with a deep navy #0B1F3A solid to create high contrast and keep the pink speech bubble, white text, and megaphone clearly legible."
1600w-jlhsA8F30Lk,11,Hierarchy Adjustment,"layout,text,global","Scale up the megaphone to center-right; shrink the speech bubble and headline to small size at lower-right with lighter pink, making the megaphone the main focus."
1600w-jlhsA8F30Lk,12,Contrast & Readability Enhancement,"color,style,local",Change the bottom handle and URL text color to deep charcoal #2B2B2B for stronger contrast against the light grey background.
1600w-jlhsA8F30Lk,13,Add Secondary Text Block,"text,layout,local","Add a small uppercase sans-serif subtitle ""CURBSIDE PICKUP AVAILABLE"" in white below ""WE ARE OPEN TODAY"", centered inside the speech bubble, leaving clear spacing above ""10AM - 9PM""."
1600w-jlhsA8F30Lk,14,Theme Restyling,"style,color,global","Restyle for winter holidays: set background #F7F9FC, bubble deep cranberry #A1122D, text uppercase bold warm cream #FFF4E6, recolor megaphone accents #A1122D, add small snowflake icons around bubble."
1600w-laANf5rvLUw,0,Color Palette Variation,"color,global","Switch the palette: set background to deep navy (#0A1A2F), recolor furry numbers to electric teal (#00C2C7), and change all text to white while retaining photo colors."
1600w-laANf5rvLUw,1,Translation,"text,global","Translate all visible English text to Spanish, changing 'GIRL’S PARTY' to 'Fiesta de chicas' and 'SATURDAY 8 PM' to 'SÁBADO 8 PM' while keeping layout and styles."
1600w-laANf5rvLUw,2,2-Element Layout Swap,"layout,global","Swap the 'GIRL'S PARTY' headline with the top-right portrait image; relocate the headline to the top-right and the portrait to the headline's spot, preserving similar margins and visual balance."
1600w-laANf5rvLUw,3,Global Layout Change,"layout,global","Rebuild layout: center-stack all text, set furry numbers as full-bleed background, grid all photos in a top/bottom strip, consolidate event details and links into a single footer bar."
1600w-laANf5rvLUw,4,Object Removal,"layout,local",Remove the bottom-left legs photo and the tilted center photo; shift GIRL’S PARTY slightly up-left and move SATURDAY 8 PM right to balance around the pink 2004 numbers.
1600w-laANf5rvLUw,5,Object Addition,"layout,local","Add a small RSVP QR code above the website URL, right-aligned, with a thin black border and white background to balance the lower area."
1600w-laANf5rvLUw,6,Copy Expansion,"text,layout,global","Expand the body paragraph under ""GIRL’S PARTY"" to 2–3× length, adding more snack variety, activity ideas, dress-code note, and RSVP reminder while preserving friendly tone and current layout balance."
1600w-laANf5rvLUw,7,Image Replacement,"image,layout,local","Replace the large pink furry 3D “2-0-4” numbers with glossy gold balloon numerals occupying the same positions for a glam, festive mood."
1600w-laANf5rvLUw,8,Typography Style Shift,"text,style,global","Switch “GIRL’S PARTY” and “SATURDAY 8 PM” to tall serif titlecase with light weight, increasing letter spacing slightly, to shift the tone from playful to elegant."
1600w-laANf5rvLUw,9,Accent Recolor,"color,local","Recolor the ""GIRL’S PARTY"" headline from black to deep forest green (#184D3A) to harmonize with the green earrings and subtly shift emphasis from the pink furry numbers."
1600w-laANf5rvLUw,10,Background Replacement,"image,color,global","Replace the gray background with a soft pastel gradient from blush pink #FFE3EC to lavender #E6D9FF, ensuring high contrast with black text and the magenta furry numbers."
1600w-laANf5rvLUw,11,Hierarchy Adjustment,"layout,text,global","Make the headline “GIRL’S PARTY” the primary focal point by enlarging to huge uppercase bold and centering, then scale down and lighten the pink “2024” forms to medium opacity."
1600w-laANf5rvLUw,12,Contrast & Readability Enhancement,"color,style,local","Add a semi-transparent white (#FFFFFF, 60%) rectangle behind “SATURDAY 8 PM” to boost contrast against the magenta fur."
1600w-laANf5rvLUw,13,Add Secondary Text Block,"text,layout,local","Add a small italic sans-serif subtitle ""Snacks, games, and glam vibes"" in #555555 beneath ""GIRL’S PARTY"", left-aligned with the title, with comfortable spacing above the body copy."
1600w-laANf5rvLUw,14,Theme Restyling,"style,color,global","Restyle for winter: set background to icy #EAF6FF, recolor furry numbers snowy white, change title to Winter Party in uppercase bold #0B2E59, add small snowflake icons near text, preserve layout."
1600w-m4qQZp-grvQ,0,Color Palette Variation,"color,global","Switch palette to cool coastal: change red headline to deep navy #102A43, ivory bar to pale mist #F2F5F7, update background image to muted blue-gray dunes to preserve calm readability."
1600w-m4qQZp-grvQ,1,Translation,"text,global","Translate the headline “BRAND PROPOSAL” to Spanish as “PROPUESTA DE MARCA,” keeping “BORCELLE” unchanged."
1600w-m4qQZp-grvQ,2,2-Element Layout Swap,"layout,global","Swap the layout: move the “BRAND PROPOSAL” banner to the top center and shift the hero photo down to fill the bottom half, keeping full-width alignment and consistent margins."
1600w-m4qQZp-grvQ,3,Global Layout Change,"layout,global","Reframe into a 12-column grid: full-bleed image left 8 columns, stacked title/summary right 4; add fixed left vertical navigation and a thin bottom footer with page indicators."
1600w-m4qQZp-grvQ,4,Object Removal,"layout,local",Remove the oval shape behind “BORCELLE” and keep the text centered over the subject in white uppercase sans-serif for balance.
1600w-m4qQZp-grvQ,5,Object Addition,"layout,local","Add a small thin-line compass icon in #FFFFFF to the upper-right sky area, aligned horizontally with the BORCELLE oval."
1600w-m4qQZp-grvQ,6,Copy Expansion,"text,layout,global","Expand the 'BRAND PROPOSAL' headline into a 2–3 sentence intro paragraph beneath it, body-sized sans-serif in deep red #B11C1B, centered within the cream band."
1600w-m4qQZp-grvQ,7,Image Replacement,"image,layout,local","Replace the desert walker photo with a centered rear-view of a hiker on a misty forest path, preserving generous negative space and horizon alignment for BORCELLE logo and headline."
1600w-m4qQZp-grvQ,8,Typography Style Shift,"text,style,global",Switch “BRAND PROPOSAL” to a tall serif to shift the tone from bold to elegant.
1600w-m4qQZp-grvQ,9,Accent Recolor,"color,local",Recolor the “BRAND PROPOSAL” headline to deep terracotta #A6493D.
1600w-m4qQZp-grvQ,10,Background Replacement,"image,color,global","Replace the desert photo with a soft charcoal (#1F2937) to deep teal (#0E7490) gradient background, masking the subject to remain crisp and centered, ensuring BORCELLE remains legible."
1600w-m4qQZp-grvQ,11,Hierarchy Adjustment,"layout,text,global","Shrink the “BRAND PROPOSAL” headline to small uppercase and move it to the lower-right in dark sand tone, making the desert image and “BORCELLE” logo the primary focal points."
1600w-m4qQZp-grvQ,12,Contrast & Readability Enhancement,"color,style,local","Add a subtle 30% black elliptical translucent overlay behind the “BORCELLE” wordmark and oval to increase contrast against the sky, keeping sizes and positions unchanged."
1600w-m4qQZp-grvQ,13,Add Secondary Text Block,"text,layout,local","Add a small sans-serif subtitle ""Concept Direction & Strategy"" centered above the red ""BRAND PROPOSAL,"" in #6B6B6B with increased letter-spacing."
1600w-m4qQZp-grvQ,14,Theme Restyling,"style,color,global","Restyle for winter holidays: replace desert image with snowy landscape, change 'BRAND PROPOSAL' to deep forest green uppercase bold, set the BORCELLE oval to gold, preserving layout."
1600w-mQV8WxekDho,0,Color Palette Variation,"color,global","Recolor to citrus: background mint #E9FFE5 with grid #B2E3C6; headline fill tangerine #FF7A00, outline lemon #FFD400, shadow deep teal #005F73; set body text navy #06223A."
1600w-mQV8WxekDho,1,Translation,"text,global",Translate the headline to Spanish: replace 'DON'T MISS OUT' with 'NO TE LO PIERDAS'.
1600w-mQV8WxekDho,2,2-Element Layout Swap,"layout,global","Swap the large ""DON'T MISS OUT"" headline with the ""YOUR LOGO"" placement, moving the headline to the top and centering the logo where the headline currently sits."
1600w-mQV8WxekDho,3,Global Layout Change,"layout,global","Switch to a two-column split: place the hero headline left, stack promo copy, date, address, handle, and website right; move logo to top-left; add wide margins."
1600w-mQV8WxekDho,4,Object Removal,"layout,local",Remove the “YOUR LOGO” placeholder; shift the main headline group up slightly to fill the gap and keep overall balance.
1600w-mQV8WxekDho,5,Object Addition,"layout,local",Add a small white price tag icon with #FFD54F accent above the “DON’T” word on the left side to balance the layout and reinforce the sale theme.
1600w-mQV8WxekDho,6,Copy Expansion,"text,layout,global","Expand ""OUR EXCLUSIVE SALE PROMOTION EVENT IS HERE!"" to: ""OUR EXCLUSIVE SALE IS HERE—BIGGER DEALS, LIMITED-TIME BUNDLES, NEW ARRIVALS DAILY; SHOP EARLY, SAVE MORE, AND ENJOY SURPRISE BONUSES."""
1600w-mQV8WxekDho,7,Image Replacement,"image,layout,local","Replace the blue grid-and-stars background with a minimalist mountain sunrise illustration in a peach-to-gold gradient, keeping the bold typography composition and spacing unchanged."
1600w-mQV8WxekDho,8,Typography Style Shift,"text,style,global",Change all typography to a tall serif with lighter weight and title case to shift the tone from playful to elegant.
1600w-mQV8WxekDho,9,Accent Recolor,"color,local","Recolor the yellow outline of ""DON’T MISS OUT"" to electric cyan (#00E5FF) for cooler contrast against the blue background."
1600w-mQV8WxekDho,10,Background Replacement,"image,color,global",Replace the blue grid background with a smooth dark purple (#2D0A52) to black radial gradient; remove stars and tape marks; maintain current drop shadows for text legibility.
1600w-mQV8WxekDho,11,Hierarchy Adjustment,"layout,text,global","Make the website URL dominant: center it in huge uppercase bold white on a #0A1B2E rounded rectangle; shrink ""DON'T MISS OUT"" and lighten to secondary."
1600w-mQV8WxekDho,12,Contrast & Readability Enhancement,"color,style,local",Apply a subtle navy (#142C66) 30% opacity drop shadow to all white text for better contrast on the light blue background.
1600w-mQV8WxekDho,13,Add Secondary Text Block,"text,layout,local",Add a small uppercase sans-serif subtitle 'LIMITED-TIME DEAL' centered beneath 'YOUR LOGO' in white (#FFFFFF) with slight letter-spacing to rebalance top spacing.
1600w-mQV8WxekDho,14,Theme Restyling,"style,color,global","Convert to winter holiday theme: change background to deep pine #0B3D2E with faint grid, recolor headline to gold #FFC83D with white outline, replace stars with snowflakes, use red-white dividers."
1600w-p1o6ND26wWg,0,Color Palette Variation,"color,global","Replace light gray/black palette with warm cream background #FFF1E6, headings and body in deep forest green #184D3A, badge outlines #184D3A, and accent details in burnt orange #D6602F; retain coffee image."
1600w-p1o6ND26wWg,1,Translation,"text,global","Translate all visible text to Spanish: change 'SHORT BREAK' to 'DESCANSO CORTO', 'NEW POST' to 'NUEVA PUBLICACIÓN', and translate the paragraph accordingly."
1600w-p1o6ND26wWg,2,2-Element Layout Swap,"layout,global","Swap layout: set ""SHORT BREAK"" as a stacked flush-left title; move the iced coffee image to the right half, aligning midlines and keeping equal side margins."
1600w-p1o6ND26wWg,3,Global Layout Change,"layout,global","Rearrange into a two-column grid: left 45% column for headline and body text, right 55% for the cup image; move pill buttons into a full-width top navbar centered."
1600w-p1o6ND26wWg,4,Object Removal,"layout,local","Remove the ""NEW POST"" badge at top-right; center the ""STUDIO SHODWE"" tag at the top and nudge the cup a touch right to balance the layout."
1600w-p1o6ND26wWg,5,Object Addition,"layout,local","Add a small dark-brown (#5A3A2E) coffee bean icon cluster near the bottom-left, above the paragraph, to balance the cup on the right."
1600w-p1o6ND26wWg,6,Copy Expansion,"text,layout,global","Expand the bottom paragraph to 2–3× length, adding maintenance details, tentative return timing, gratitude, and follow-up channels; keep sans-serif body text, left-aligned, preserving layout balance."
1600w-p1o6ND26wWg,7,Image Replacement,"image,layout,local","Replace the central iced coffee cup cutout with a similarly isolated hourglass photo on white, keeping central placement, scale, and overlap with the bold ""SHORT BREAK"" text."
1600w-p1o6ND26wWg,8,Typography Style Shift,"text,style,global","Switch the ""SHORT BREAK"" headline from heavy sans-serif to tall serif uppercase with wider tracking to shift the tone from bold to elegant."
1600w-p1o6ND26wWg,9,Accent Recolor,"color,local","Recolor the top-right ""NEW POST"" pill button fill to warm latte #E6C49F while keeping its black outline and text unchanged."
1600w-p1o6ND26wWg,10,Background Replacement,"image,color,global",Replace the light gray background with a soft warm gradient from cream (#FFF3E0) to pale latte (#F5E3C4) to enhance café mood while preserving legibility of black text and drink.
1600w-p1o6ND26wWg,11,Hierarchy Adjustment,"layout,text,global","Make the iced coffee the focal point: enlarge 35%, center it, and change “SHORT BREAK” to medium gray at 40% opacity behind."
1600w-p1o6ND26wWg,12,Contrast & Readability Enhancement,"color,style,local",Add a thin soft white outline around the cup where it overlaps the black “SHORT BREAK” text to increase edge contrast and legibility without changing the layout.
1600w-p1o6ND26wWg,13,Add Secondary Text Block,"text,layout,local","Add a small sans-serif subtitle 'Back soon with fresh ideas' centered above the paragraph, in #6B6B6B, letter-spaced slightly."
1600w-p1o6ND26wWg,14,Theme Restyling,"style,color,global",Restyle for winter holidays: set background #F7FAFC; recolor 'SHORT BREAK' forest green #0B3D2E; change pill borders cranberry #B22222; replace iced coffee with peppermint mocha; add small snowflake icons behind headline.
1600w-qWWXRzbWBOk,0,Color Palette Variation,"color,global","Replace the blue-to-cream gradient with a warm sunrise palette: gradient #FFE6C7→#FF7F66, change stars/oval to pale gold #F9E27D, and set text to deep charcoal #1E1E1E."
1600w-qWWXRzbWBOk,1,Translation,"text,global","Translate the headline to Spanish using two lines: title 'Cada día es' and italic subline 'una nueva oportunidad', preserving white text and existing typography."
1600w-qWWXRzbWBOk,2,2-Element Layout Swap,"layout,global","Swap the two text lines: put “a new chance” on top as title and move “Every day is” below as subtitle, both centered, maintaining current spacing and star balance."
1600w-qWWXRzbWBOk,3,Global Layout Change,"layout,global","Convert to portrait two-column grid with wide margins; center the quote in left column, group decorations in right column, and add a top header band for branding."
1600w-qWWXRzbWBOk,4,Object Removal,"layout,local",Remove the thin oval outline behind the quote; center the text block horizontally and vertically to maintain balance.
1600w-qWWXRzbWBOk,5,Object Addition,"layout,local","Add a small white crescent moon icon in the top-left blue area to balance the composition, matching the line style of existing stars."
1600w-qWWXRzbWBOk,6,Copy Expansion,"text,layout,global","Expand the central quote to: ""Every day is a new chance to begin again, choose kindness, learn something small, and move forward with hope."""
1600w-qWWXRzbWBOk,7,Image Replacement,"image,layout,local","Replace the blue starry gradient background with a warm sunrise cloud gradient, keeping the central light vignette and scattered small highlights in similar positions."
1600w-qWWXRzbWBOk,8,Typography Style Shift,"text,style,global","Switch all text to uppercase bold sans-serif for a confident, modern tone."
1600w-qWWXRzbWBOk,9,Accent Recolor,"color,local","Recolor the italic phrase ""a new chance"" to sunset orange #FF8C42."
1600w-qWWXRzbWBOk,10,Background Replacement,"image,color,global","Replace the blue starry gradient background with a warm sunrise gradient (#FFB36B to #FF6A3D) and soft clouds, ensuring strong contrast so the white quote stays clear and centered."
1600w-qWWXRzbWBOk,11,Hierarchy Adjustment,"layout,text,global","Make the star icons the focal point by scaling them up and centering; reduce the quote to small italic, lower opacity, and align bottom-right."
1600w-qWWXRzbWBOk,12,Contrast & Readability Enhancement,"color,style,local","Add a faint #0B2D5B soft shadow to the white quote text to boost readability over the lighter gradient, maintaining current alignment and composition."
1600w-qWWXRzbWBOk,13,Add Secondary Text Block,"text,layout,local","Add a small uppercase sans-serif subtitle ""Make it count today"" in #FFFFFF, right-aligned in the top-right deep blue area with generous padding from edges to balance the layout."
1600w-qWWXRzbWBOk,14,Theme Restyling,"style,color,global","Restyle for winter holidays: change gradient to deep pine green (#0B3D2E) fading to pale mint, replace stars with small snowflakes and gold sparkles, keep typography and layout unchanged."
1600w-u6z_9iKj-iQ,0,Color Palette Variation,"color,global","Shift palette to royal purple and gold: set background #2E1151, recolor lamps to warm gold #E8BF3A, keep flames bright, change all text to crisp white #FFFFFF for contrast."
1600w-u6z_9iKj-iQ,1,Translation,"text,global",Translate the headline to Hindi: replace 'Happy DIWALI' with 'शुभ दीपावली' and change 'FESTIVAL OF LIGHTS' to 'रोशनी का त्योहार'.
1600w-u6z_9iKj-iQ,2,2-Element Layout Swap,"layout,global","Switch the positions of the “Happy DIWALI” text block and the focal diya row: move text to bottom-center, raise diyas to the top third, preserving centered alignment."
1600w-u6z_9iKj-iQ,3,Global Layout Change,"layout,global",Transform into a poster with a top text panel and bottom photo strip; center-stack heading/subtitle in the top panel; crop the image to a panoramic diya strip; shift icon to top-right.
1600w-u6z_9iKj-iQ,4,Object Removal,"layout,local",Remove the “FESTIVAL OF LIGHTS” subheading and move the “Happy DIWALI” lockup down slightly to sit visually centered above the row of diyas.
1600w-u6z_9iKj-iQ,5,Object Addition,"layout,local","Add a small intricate rangoli motif in soft gold (#D4AF37) below “FESTIVAL OF LIGHTS,” centered, to complement the diyas and fill negative space."
1600w-u6z_9iKj-iQ,6,Copy Expansion,"text,layout,global","Replace 'FESTIVAL OF LIGHTS' with a body paragraph: 'Festival of Lights—celebrating hope, new beginnings, and togetherness. May every diya brighten homes, spread joy, and guide us toward prosperity and peace.'"
1600w-u6z_9iKj-iQ,7,Image Replacement,"image,layout,local","Replace the clay diya photo with a similar composition of glowing paper lanterns arranged on a table at night, preserving multiple warm flames and blurred bokeh background."
1600w-u6z_9iKj-iQ,8,Typography Style Shift,"text,style,global",Change 'DIWALI' to uppercase tall serif in lighter weight with increased letterspacing for a more elegant tone.
1600w-u6z_9iKj-iQ,9,Accent Recolor,"color,local",Recolor the “DIWALI” headline from white to warm saffron-gold #FFC54D to echo the diya flames while maintaining contrast against the deep teal background.
1600w-u6z_9iKj-iQ,10,Background Replacement,"image,color,global","Replace the blurred bokeh background with a deep indigo-to-black gradient (#0D1B2A–#000000) featuring faint gold rangoli motifs, ensuring diyas and headline remain high-contrast and legible."
1600w-u6z_9iKj-iQ,11,Hierarchy Adjustment,"layout,text,global","Make the central diya dominant: zoom and crop tighter on it, shrink “DIWALI” to medium uppercase sans-serif, move text below center, and reduce its opacity to 60%."
1600w-u6z_9iKj-iQ,12,Contrast & Readability Enhancement,"color,style,local",Apply a subtle deep navy (#0C2238) drop shadow to the “Happy” script and “FESTIVAL OF LIGHTS” line for improved contrast on the bokeh background.
1600w-u6z_9iKj-iQ,13,Add Secondary Text Block,"text,layout,local","Add a small italic sans-serif subtitle centered under 'FESTIVAL OF LIGHTS': ""Spreading joy, peace, and prosperity,"" in warm golden #F5C04E with slight letter spacing."
1600w-u6z_9iKj-iQ,14,Theme Restyling,"style,color,global","Retheme to Christmas: set headline 'Merry Christmas' (uppercase bold), subline 'Season of Joy'; replace diyas with red-green ornaments and white candles; use deep forest green #184D3A background; preserve layout."
1600w-xCuy4vLKWKc,0,Color Palette Variation,"color,global","Switch to deep navy #0E223A background; change headline and button text to ivory #F9F7F3, secondary 'from scratch' to powder blue #9DB4C0, borders/dots/handle line to ivory."
1600w-xCuy4vLKWKc,1,Translation,"text,global",Translate the headline to Spanish: 'Cómo crear una lista de correo' and subhead 'desde cero'; change button to 'Desliza para ver consejos'.
1600w-xCuy4vLKWKc,2,2-Element Layout Swap,"layout,global",Swap the headline/subheadline block with the dotted pattern: place the headline bottom-right and move the dots to the top-left for balance.
1600w-xCuy4vLKWKc,3,Global Layout Change,"layout,global","Switch to a two-column layout: allocate left column for text, right for negative space/pattern; add generous outer padding, equal gutters, and vertically center content across both columns."
1600w-xCuy4vLKWKc,4,Object Removal,"layout,local","Remove the @reallygreatsite handle and thin top line; nudge the headline and 'from scratch' group up slightly, keeping the left alignment and placing the 'Swipe for tips' button directly beneath."
1600w-xCuy4vLKWKc,5,Object Addition,"layout,local","Add a small white envelope icon in the top-right empty space, using thin #F5E9E4 outline and subtle fill, sized similar to the dotted pattern to balance the layout."
1600w-xCuy4vLKWKc,6,Copy Expansion,"text,layout,global","Expand the white headline to: ""How to build an email list that grows steadily with engaged subscribers using simple, repeatable steps and strategies."""
1600w-xCuy4vLKWKc,7,Image Replacement,"image,layout,local","Replace the solid terracotta background with a soft, low-contrast flat-lay of a desk (laptop, notepad) in beige tones, preserving left-aligned text and bottom-right dot pattern positions."
1600w-xCuy4vLKWKc,8,Typography Style Shift,"text,style,global",Switch all typography to a tall serif and convert the headline to title case for an elegant tone.
1600w-xCuy4vLKWKc,9,Accent Recolor,"color,local",Recolor the “Swipe for tips” button outline and text to muted teal #2F8C82.
1600w-xCuy4vLKWKc,10,Background Replacement,"image,color,global","Replace the solid terracotta background with deep navy (#0B2740); keep all existing text, button outline, cursor, and dots unchanged for legibility."
1600w-xCuy4vLKWKc,11,Hierarchy Adjustment,"layout,text,global","Elevate “Swipe for tips” as focal: enlarge and center, fill with #184D3A, set text uppercase bold white; shrink headline to medium and lower its opacity to 60%."
1600w-xCuy4vLKWKc,12,Contrast & Readability Enhancement,"color,style,local","Change the ""from scratch"" text color to white (#FFFFFF) at full opacity and add a soft dark-rust shadow (#7A3F2F) to boost contrast against the background."
1600w-xCuy4vLKWKc,13,Add Secondary Text Block,"text,layout,local","Add a small uppercase sans-serif subtitle above the headline, left-aligned: ""A BEGINNER-FRIENDLY GUIDE"" in warm beige #EED6C4."
1600w-xCuy4vLKWKc,14,Theme Restyling,"style,color,global","Restyle for winter holidays: change background to deep forest green #184D3A, text to warm cream, button border to gold #D4AF37, add subtle snowflake icons in corners, keep layout."
1600w-z8zt2gNZe3I,0,Color Palette Variation,"color,global","Swap dark teal/navy scheme to light mode: background #F5F7FA, all text deep charcoal #222, accents (handle and divider) teal #00897B, footer bar soft gray #E5E7EB."
1600w-z8zt2gNZe3I,1,Translation,"text,global","Translate the headline quote to Spanish: ""Por muy pequeño que sea el logro, debes apreciarlo porque es una forma de crecimiento en los negocios."" Also change ""BUSINESS"" to ""NEGOCIOS""."
1600w-z8zt2gNZe3I,2,2-Element Layout Swap,"layout,global","Swap the portrait and quote: place the portrait left and the quote right, right-aligning text with equal margins and flipping the vertical quote line to the right."
1600w-z8zt2gNZe3I,3,Global Layout Change,"layout,global","Switch to a split-screen layout: full-bleed photo left half, quote block on white right half; move footer into a top navigation bar; add generous margins and equal vertical spacing."
1600w-z8zt2gNZe3I,4,Object Removal,"layout,local","Remove the ""@reallygreatsite"" handle; vertically center the quote block within the teal area and slightly increase line spacing to maintain balance."
1600w-z8zt2gNZe3I,5,Object Addition,"layout,local",Add a small upward-trend line chart icon in deep forest green (#184D3A) centered in the bottom white bar to balance the URL left and “BUSINESS” right.
1600w-z8zt2gNZe3I,6,Copy Expansion,"text,layout,global","Expand the quote text into a 2–3× longer motivational paragraph about appreciating small wins in business, maintaining left alignment and sans-serif style to test wrapping within the left column."
1600w-z8zt2gNZe3I,7,Image Replacement,"image,layout,local",Replace the businessman's right-aligned headshot with a right-aligned sprouting plant macro on a deep teal background to convey organic growth.
1600w-z8zt2gNZe3I,8,Typography Style Shift,"text,style,global","Switch the quote text to a tall serif with light weight in title case for a more elegant, editorial tone."
1600w-z8zt2gNZe3I,9,Accent Recolor,"color,local",Recolor the @reallygreatsite handle to warm coral #FF6F61 for a contrasting accent against the teal background.
1600w-z8zt2gNZe3I,10,Background Replacement,"image,color,global","Replace the dark teal background with a soft, sunlit modern office blur in warm neutrals, ensuring high contrast and legibility for the subject and white quote text."
1600w-z8zt2gNZe3I,11,Hierarchy Adjustment,"layout,text,global","Make the quote dominant: scale it to huge bold and center-left; shrink and right-align the portrait to occupy the right third, increasing whitespace around the text."
1600w-z8zt2gNZe3I,12,Contrast & Readability Enhancement,"color,style,local","Change @reallygreatsite text to white with a subtle #000000 40% shadow, and darken the footer URL to #333333 to improve readability."
1600w-z8zt2gNZe3I,13,Add Secondary Text Block,"text,layout,local","Add a small italic subtitle “Celebrate progress, however tiny.” below the main quote, left-aligned with it, in light gray #CDE3EA."
1600w-z8zt2gNZe3I,14,Theme Restyling,"style,color,global","Restyle for winter holidays: set background deep forest green with faint snowflakes, change accent blue to crimson #B31B1B, and add a small gold #D4AF37 star beside the opening quote."
1600w-zcHQ3XLP3Ow,0,Color Palette Variation,"color,global","Replace the dark magenta/indigo scheme with a light tech palette: pearl white (#F7F9FC) background and card, cyan (#00C2FF) accents, and switch all text/icons to deep charcoal (#1A1A1A)."
1600w-zcHQ3XLP3Ow,1,Translation,"text,global","Translate headline and callouts to Spanish: 'tech talk'→'charla tecnológica', 'Let's discuss technology!'→'¡Hablemos de tecnología!', 'The first episode is now live!'→'¡El primer episodio ya está disponible!', 'podcast'→'pódcast'."
1600w-zcHQ3XLP3Ow,2,2-Element Layout Swap,"layout,global","Swap positions: place the “tech talk” headline right-aligned on the card and move the “The first episode is now live!” badge to the upper-left, preserving equal margins."
1600w-zcHQ3XLP3Ow,3,Global Layout Change,"layout,global",Rebuild into a two-panel layout: left full-bleed artwork; right stacked text blocks centered; add top header bar with episode badge; move handle and icons to bottom-center; increase outer padding.
1600w-zcHQ3XLP3Ow,4,Object Removal,"layout,local","Remove the bottom-right social icons; move ""@reallygreatsite"" to the bottom-right and tighten the bottom margin to keep the layout balanced."
1600w-zcHQ3XLP3Ow,5,Object Addition,"layout,local",Add a small #FFFFFF microphone icon to the left of “podcast” to fill the top-left space and match the bottom-right icon style.
1600w-zcHQ3XLP3Ow,6,Copy Expansion,"text,layout,global","Expand the top-right ""The first episode is now live!"" text to: ""The first episode is now live! Join us for insights, practical tips, and candid conversations about emerging tech."""
1600w-zcHQ3XLP3Ow,7,Image Replacement,"image,layout,local","Replace the abstract 3D loop background with a macro circuit-board photo in cool teal/blue tones, maintaining soft depth-of-field and central blur to keep the text readable."
1600w-zcHQ3XLP3Ow,8,Typography Style Shift,"text,style,global","Replace all text with a tall serif, set “Tech Talk” in title case bold and other copy light, to shift the tone to elegant."
1600w-zcHQ3XLP3Ow,9,Accent Recolor,"color,local","Recolor the ""tech talk"" headline to electric blue #34C3FF."
1600w-zcHQ3XLP3Ow,10,Background Replacement,"image,color,global","Replace the abstract purple 3D background with a deep navy-to-teal gradient (#0B1020 to #0F4C81) featuring subtle circuit-line pattern, ensuring high contrast behind the frosted card."
1600w-zcHQ3XLP3Ow,11,Hierarchy Adjustment,"layout,text,global","Make the abstract background dominant by reducing the frosted card opacity to 15%, shrinking “tech talk” to title size, repositioning it bottom-left, and increasing background contrast to draw attention."
1600w-zcHQ3XLP3Ow,12,Contrast & Readability Enhancement,"color,style,local","Apply a diagonal dark gradient overlay across the card (top-right to bottom-left, #000000 at 35% fading to transparent) to improve legibility of small white text and UI icons."
1600w-zcHQ3XLP3Ow,13,Add Secondary Text Block,"text,layout,local","Add a small sans-serif subtitle ""New episodes every Monday"" in white (#FFFFFF), right-aligned, positioned just above the bottom-right icon row to rebalance spacing."
1600w-zcHQ3XLP3Ow,14,Theme Restyling,"style,color,global","Restyle to winter theme: set background deep forest green with subtle snowflakes, change text/icons to warm gold (#D4AF37), and replace ""tech talk"" with ""Holiday Tech Talk""."
624w-UZhVzgGhAZA,0,Color Palette Variation,"color,global","Switch to a dark palette: set background deep navy #0E1A2A; change all text to warm ivory #FFF3E0; recolor characters with saturated brights #FF6B6B, #4ECDC4, #FFD166 for balanced contrast."
624w-UZhVzgGhAZA,1,Translation,"text,global","Translate to Spanish: change 'LUNCH HOURS EVERY DAY' to 'HORARIO DE ALMUERZO TODOS LOS DÍAS' and '123 ANYWHERE ST., ANY CITY' to 'CALLE CUALQUIERA 123, CUALQUIER CIUDAD'."
624w-UZhVzgGhAZA,2,2-Element Layout Swap,"layout,global","Swap the fruit-characters illustration with the “LUNCH HOURS EVERY DAY” headline, moving the headline to center above and the illustration below it, both centered with equal vertical spacing."
624w-UZhVzgGhAZA,3,Global Layout Change,"layout,global","Switch to a three-panel layout: top header with city and year ovals, middle full-width illustration, bottom split—left 'Hanover', right stacked 'Lunch Hours Every Day' with address centered beneath."
624w-UZhVzgGhAZA,4,Object Removal,"layout,local",Remove the oval “20” and “30” badges; center the illustration and tighten vertical spacing between “Hanover” and the fruit characters to maintain balance.
624w-UZhVzgGhAZA,5,Object Addition,"layout,local","Add a small fork-and-knife icon in deep forest green centered above “LUNCH HOURS,” sized to match the middle character’s head width, to reinforce the dining theme and balance the layout."
624w-UZhVzgGhAZA,6,Copy Expansion,"text,layout,global","Expand the bottom address line into a small paragraph: ""123 Anywhere St., Any City — Open daily 11–3; quick bites, refreshing drinks. Call ahead for groups and takeout."""
624w-UZhVzgGhAZA,7,Image Replacement,"image,layout,local","Replace the trio of walking fruit characters with three cheerful sandwich characters marching side-by-side, similar poses and spacing, retaining the pastel palette and background swirls."
624w-UZhVzgGhAZA,8,Typography Style Shift,"text,style,global",Switch “Hanover” to uppercase tall serif with light weight for a more elegant tone.
624w-UZhVzgGhAZA,9,Accent Recolor,"color,local","Recolor the ""Hanover"" headline to deep forest green #184D3A to shift emphasis while matching the fruit leaves."
624w-UZhVzgGhAZA,10,Background Replacement,"image,color,global","Replace background with light retro diner tiles: diagonal mint (#CFEEDA) and cream (#FFF7E6); ensure high contrast and ample breathing room around Hanover, the characters, and the headline."
624w-UZhVzgGhAZA,11,Hierarchy Adjustment,"layout,text,global","Make the illustrated fruit characters the main focal point: scale them up 140%, center them, and reduce “LUNCH HOURS EVERY DAY” to medium body size with lighter weight below."
624w-UZhVzgGhAZA,12,Contrast & Readability Enhancement,"color,style,local","Add a soft #333333 shadow to ""JAKARTA, IDN"" and the small address line to increase contrast against the off-white background."
624w-UZhVzgGhAZA,13,Add Secondary Text Block,"text,layout,local","Add a small sans-serif subtitle ""Fresh Bites & Good Vibes"" in #184D3A centered below ""Hanover"" and above the characters, letter-spaced, to balance top space."
624w-UZhVzgGhAZA,14,Theme Restyling,"style,color,global","Restyle for winter holidays: keep layout, change palette to deep forest green #184D3A and cranberry #B22222, add small snowflakes behind characters, give each fruit a tiny Santa hat."
848w-Xal0F5OfysY,0,Color Palette Variation,"color,global","Switch the blue background to deep forest green #184D3A and change all white typography to warm cream #FFF3E6 for a fresh, readable earthy palette."
848w-Xal0F5OfysY,1,Translation,"text,global",Replace the main headline with uppercase bold Spanish: “MEJORA TUS HABILIDADES CREATIVAS”; translate any legible text within the embedded photo to Spanish using small sans-serif overlays.
848w-Xal0F5OfysY,2,2-Element Layout Swap,"layout,global","Swap the square photo with the headline: move the photo to top center and stack the full “LEVEL UP YOUR CREATIVE SKILLS” headline below it, centered with balanced spacing."
848w-Xal0F5OfysY,3,Global Layout Change,"layout,global",Rebuild to a two-column split: left column 40% full-bleed photo; right column vertically stacks headline and top labels; center labels in a unified header; add a bottom footer band.
848w-Xal0F5OfysY,4,Object Removal,"layout,local","Remove both top corner texts (“West University” and “Student Updates”); raise the main headline block slightly to occupy top whitespace, keeping the photo centered and overall alignment centered."
848w-Xal0F5OfysY,5,Object Addition,"layout,local","Add a small #F2F2F2 university crest icon to the left of “West University” in the top-left, baseline-aligned, matching stroke weight to reinforce branding."
848w-Xal0F5OfysY,6,Copy Expansion,"text,layout,global","Expand “LEVEL UP YOUR CREATIVE SKILLS” into a body paragraph below the photo: “Level up your creative skills through hands-on projects, expert mentoring, and collaboration.”"
848w-Xal0F5OfysY,7,Image Replacement,"image,layout,local","Replace the centered square photo of a person viewing pinned posters with a similarly framed shot of hands-on pottery-making in a bright studio for a tactile, energetic mood."
848w-Xal0F5OfysY,8,Typography Style Shift,"text,style,global",Change “LEVEL UP YOUR CREATIVE SKILLS” to title-case tall serif in medium weight to create an elegant tone.
848w-Xal0F5OfysY,9,Accent Recolor,"color,local",Recolor the “CREATIVE SKILLS” text from off-white to warm coral #FF6F61 for stronger emphasis against the blue background.
848w-Xal0F5OfysY,10,Background Replacement,"image,color,global","Replace the flat blue background with a deep forest green (#184D3A) textured paper backdrop, maintaining high contrast around the white headline and clarity around the central photo."
848w-Xal0F5OfysY,11,Hierarchy Adjustment,"layout,text,global","Make the central photo the focal point by enlarging it to near full width, centering vertically, and shrinking both headline groups to small uppercase sans-serif captions above and below."
848w-Xal0F5OfysY,12,Contrast & Readability Enhancement,"color,style,local","Recolor the small ""West University"" and ""Student Updates"" header text to deep navy #0D2B3E for stronger contrast on the blue background."
848w-Xal0F5OfysY,13,Add Secondary Text Block,"text,layout,local","Add a centered subtitle below the photo reading ""Workshops, critiques, and portfolio reviews"" in small sans-serif, white (#F2F2F2)."
848w-Xal0F5OfysY,14,Theme Restyling,"style,color,global","Restyle for winter holidays: change background to deep pine #0B3D2E, set typography creamy white, replace photo with winter crafts, add small snowflake icons at corners; maintain existing layout."
848w-a7AVmpGZf5E,0,Color Palette Variation,"color,global","Switch the background to warm sand #F6F3EE, change all text to charcoal #1D1F22, and recolor the button to deep forest green #184D3A for a modern, readable palette."
848w-a7AVmpGZf5E,1,Translation,"text,global","Translate ""Turn Up the Savings"" to ""Sube los ahorros"" and change ""Sound Haven"" to ""Refugio Sonoro""."
848w-a7AVmpGZf5E,2,2-Element Layout Swap,"layout,global","Swap the headline and date with the headphones image: place the image at top center, move headline/date below it, evenly spaced and centered to maintain visual balance."
848w-a7AVmpGZf5E,3,Global Layout Change,"layout,global","Rebuild into split two-column hero: left column centers headline, date, CTA on light gray; right column shows large product image; place logo and icon in a fixed top bar."
848w-a7AVmpGZf5E,4,Object Removal,"layout,local",Remove the “12/2030” line; move the headline up slightly and raise the headphones to maintain balanced whitespace between the title and image.
848w-a7AVmpGZf5E,5,Object Addition,"layout,local","Add a small white shopping cart icon centered inside the black pill button at the bottom, sized to fit comfortably and balanced with the minimal style."
848w-a7AVmpGZf5E,6,Copy Expansion,"text,layout,global","Expand the ""12/2030"" line into: ""12/2030: Limited-time headphone deals with immersive sound, plush comfort, and long battery life—shop now and save more on every beat."""
848w-a7AVmpGZf5E,7,Image Replacement,"image,layout,local","Replace the centered black over-ear headphones with a similarly isolated, front-facing image of matte-white wireless earbuds and charging case on a clean white background."
848w-a7AVmpGZf5E,8,Typography Style Shift,"text,style,global","Switch the headline and date to a tall serif to create an elegant, premium tone."
848w-a7AVmpGZf5E,9,Accent Recolor,"color,local",Recolor the bottom rounded CTA button to electric blue #1E90FF.
848w-a7AVmpGZf5E,10,Background Replacement,"image,color,global",Replace the white background with a vivid gradient from electric cyan #00E5FF (top) to deep violet #4B0082 (bottom) to energize the mood while keeping the black headphones crisp.
848w-a7AVmpGZf5E,11,Hierarchy Adjustment,"layout,text,global","Make the headphones photo the main focal point: scale it up centrally, reduce the headline to small regular #666, place it below the image with the date tiny beneath."
848w-a7AVmpGZf5E,12,Contrast & Readability Enhancement,"color,style,local","Add a subtle #DADADA drop shadow to “Sound Haven,” the headline, and “12/2030” to enhance legibility on the white background."
848w-a7AVmpGZf5E,13,Add Secondary Text Block,"text,layout,local","Add a centered supporting line above the black button: “Up to 40% off select headphones” in small sans-serif, medium weight, #333, with generous letter-spacing to balance, keeping consistent margins."
848w-a7AVmpGZf5E,14,Theme Restyling,"style,color,global",Restyle to winter holiday theme: background pale snow (#F6FBFF) with faint snowflakes; headline deep red uppercase bold; date forest green; add tiny holly accent beside logo.
848w-x9A8Hm2mD6U,0,Color Palette Variation,"color,global","Switch palette from cool blues/greys to warm desert tones: background #FFF4E6, table #C65D3D, accents #E1C6A8, text deep charcoal #1A1A1A."
848w-x9A8Hm2mD6U,1,Translation,"text,global","Translate all visible text to Spanish: ""why you should choose Cloudlet"" → ""por qué deberías elegir Cloudlet""; ""VIEW ONLINE"" → ""VER EN LÍNEA""; ""FORWARD"" → ""REENVIAR""."
848w-x9A8Hm2mD6U,2,2-Element Layout Swap,"layout,global","Swap positions: place the “Cloudlet” headline and subheading in a top-left white block, and shift the hero image below as full-width with balanced margins."
848w-x9A8Hm2mD6U,3,Global Layout Change,"layout,global","Rebuild into a split-screen layout: left half solid background with centered headline stack, right half full-bleed image; switch top bar to vertical left sidebar; add gutters and bottom-centered footer."
848w-x9A8Hm2mD6U,4,Object Removal,"layout,local","Remove the VIEW ONLINE and FORWARD links from the top bar; left-align the date, right-align the circular logo, and increase top padding to maintain balance."
848w-x9A8Hm2mD6U,5,Object Addition,"layout,local","Add a small flat cloud icon in #2D9CDB to the left of “Cloudlet”, baseline-aligned to the text for balance."
848w-x9A8Hm2mD6U,6,Copy Expansion,"text,layout,global","Expand the small subheading “why you should choose” into a 2–3 sentence paragraph in small sans-serif black, wrapping above “Cloudlet” without altering title scale or alignment."
848w-x9A8Hm2mD6U,7,Image Replacement,"image,layout,local","Replace the modern office desk photo with a dawn mountain picnic table scene holding notebook, thermos, and map, keeping a centered round table composition and muted background."
848w-x9A8Hm2mD6U,8,Typography Style Shift,"text,style,global","Switch the “Cloudlet” headline to tall serif, thin weight, title case, with subtle letter-spacing for an elegant tone."
848w-x9A8Hm2mD6U,9,Accent Recolor,"color,local","Change the ""Cloudlet"" title text color to deep navy #0B2545."
848w-x9A8Hm2mD6U,10,Background Replacement,"image,color,global","Replace the office desk photo background with a dark navy-to-indigo gradient (#0B132B → #1C2541), ensuring “Cloudlet” and the subheading remain clearly legible."
848w-x9A8Hm2mD6U,11,Hierarchy Adjustment,"layout,text,global",Make the background image the focal point by reducing “Cloudlet” to smaller white at 60% opacity and repositioning it to the lower-left to avoid covering the laptop.
848w-x9A8Hm2mD6U,12,Contrast & Readability Enhancement,"color,style,local","Add a semi-transparent white overlay (#FFFFFF, 35% opacity) spanning the headline and subtitle area to increase contrast and readability against the photo without altering composition."
848w-x9A8Hm2mD6U,13,Add Secondary Text Block,"text,layout,local","Add a small sans-serif subtitle below 'Cloudlet', left-aligned, reading 'Fast, secure, and scalable cloud hosting.', in deep forest green #184D3A to fill the lower space."
848w-x9A8Hm2mD6U,14,Theme Restyling,"style,color,global","Convert to winter holiday theme: swap background to cozy office with string lights, set headline to deep crimson #B3002D, and add small white snowflake corner accents without altering layout."
900w-8g4EBLeikgE,0,Color Palette Variation,"color,global","Switch to a fresh cool palette: background #E6F5F2, “LUNCH TIMES” deep teal #0F766E, all typography charcoal #1F2937, and accents (triangle, small icons) coral #FF6B6B."
900w-8g4EBLeikgE,1,Translation,"text,global","Translate headline 'LUNCH TIMES' to Spanish 'HORA DE ALMUERZO' and CTA 'Order Now' to 'Pide ahora'; also render 'Fast, Fresh & Delicious' as 'Rápido, fresco y delicioso'."
900w-8g4EBLeikgE,2,2-Element Layout Swap,"layout,global","Swap the large “LUNCH TIMES” headline with the taco photo, placing the photo at the top and the headline centered above the “Order Now” CTA, keeping balanced spacing."
900w-8g4EBLeikgE,3,Global Layout Change,"layout,global","Switch to a two-column layout: left 60% full-bleed food photo; right column stacks headline, subhead, offer, and CTA; consolidate brand labels into a single top-right bar."
900w-8g4EBLeikgE,4,Object Removal,"layout,local",Remove the top-right “Food” text; center “Larana Food” in the header for balance.
900w-8g4EBLeikgE,5,Object Addition,"layout,local",Add a small mustard (#DDAA41) taco icon centered between Larana Food and Food at the top to balance the header.
900w-8g4EBLeikgE,6,Copy Expansion,"text,layout,global","Replace 'Grab your favourites at 40% discount today' with: 'Grab your favourites at 40% discount today—freshly made lunches, quick service, bold flavours, limited-time savings to enjoy and share.'"
900w-8g4EBLeikgE,7,Image Replacement,"image,layout,local","Replace the tacos-in-tray held by hands with a similarly composed image of a sushi bento box with chopsticks, held by hands, on the same neutral background."
900w-8g4EBLeikgE,8,Typography Style Shift,"text,style,global",Switch “LUNCH TIMES” to uppercase tall serif with tighter letter spacing and recolor to deep forest green #184D3A for a more elegant tone.
900w-8g4EBLeikgE,9,Accent Recolor,"color,local",Recolor the “Order Now” CTA text to deep forest green (#184D3A).
900w-8g4EBLeikgE,10,Background Replacement,"image,color,global","Replace the beige background with a pale mint (#EAF8F1) featuring a subtle Mexican tile pattern in very light gray, preserving high contrast for all text and the taco tray."
900w-8g4EBLeikgE,11,Hierarchy Adjustment,"layout,text,global","Enlarge the taco photo to dominate the center, move it above the headline, reduce “LUNCH TIMES” to smaller uppercase sans-serif below, and recolor the headline to muted #C9A86A."
900w-8g4EBLeikgE,12,Contrast & Readability Enhancement,"color,style,local","Add a thin cream (#F7E9D3) outline around the “Fast, Fresh, Delicious” script to separate it from the mustard “LUNCH TIMES” and improve readability."
900w-8g4EBLeikgE,13,Add Secondary Text Block,"text,layout,local","Add a small sans-serif subtitle ""Weekdays 11am–3pm • Free delivery"" in #184D3A aligned right beneath ""Food"" at the top-right corner to balance whitespace."
900w-8g4EBLeikgE,14,Theme Restyling,"style,color,global","Convert to a festive holiday theme: change headline blocks to #B22222, secondary text and accents to #184D3A, add small snowflakes around headline, update subcopy to 'Seasonal 40% discount today.'"
900w-Aneww-_lpeg,0,Color Palette Variation,"color,global","Switch to dark mode: set background deep charcoal #1B1B1E, change all text/rules to warm ivory #F5EDE0, recolor cup/saucer to muted terracotta #C86952 with cream speckles; keep latte art white."
900w-Aneww-_lpeg,1,Translation,"text,global","Translate headline and promo text to Spanish: ""ESPRESSO Tu Día"", ""DOBLE ESPRESSO"", ""(COMPRA 1 Y LLÉVATE 1 GRATIS)"", keep brand, price, and URL unchanged."
900w-Aneww-_lpeg,2,2-Element Layout Swap,"layout,global","Swap the central coffee cup image with the headline block, placing the cup above and the headline centrally below, keeping alignment centered."
900w-Aneww-_lpeg,3,Global Layout Change,"layout,global","Switch to a split layout: left half full-height cup image; right half vertically stack headline, brand, price/offer; place website as bottom-right footer; maintain generous gutters and balanced whitespace."
900w-Aneww-_lpeg,4,Object Removal,"layout,local",Remove the www.reallygreatsite.com URL; lower the price panel and 'DOUBLE ESPRESSO' text slightly to center the lower section and maintain balance.
900w-Aneww-_lpeg,5,Object Addition,"layout,local","Add three small #2E3A67 coffee bean icons centered between the headline and cup, spaced evenly in a slight arc to fill the empty space."
900w-Aneww-_lpeg,6,Copy Expansion,"text,layout,global","Expand ""(BUY 1 GET 1 FREE)"" into: ""Buy one, get one free all week—share a cup and enjoy freshly pulled shots."""
900w-Aneww-_lpeg,7,Image Replacement,"image,layout,local","Replace the central latte-in-blue-cup photo with a similar close-up of a steaming matcha latte in a rustic ceramic mug and saucer, keeping scale and placement consistent."
900w-Aneww-_lpeg,8,Typography Style Shift,"text,style,global","Replace the cursive ""Your Day"" with uppercase bold sans-serif to shift the tone from elegant to modern."
900w-Aneww-_lpeg,9,Accent Recolor,"color,local",Recolor the “$2.50” price text to cappuccino brown #8B5E34 to boost emphasis while keeping all other text in the existing blue.
900w-Aneww-_lpeg,10,Background Replacement,"image,color,global","Replace the beige speckled background with a warm walnut wood texture gradient (#3B2A1A to #8B6B4A), ensuring the cup and blue typography remain high-contrast and clearly legible."
900w-Aneww-_lpeg,11,Hierarchy Adjustment,"layout,text,global","Make the $2.50 price the main focal point by enlarging it to huge bold sans-serif, centering it above the cup, and reducing the headline’s size and contrast to secondary."
900w-Aneww-_lpeg,12,Contrast & Readability Enhancement,"color,style,local","Darken all blue elements to deep navy #1F2A4D and add a subtle shadow to “BORCELLE,” the promo line, and the URL to improve readability on the light background."
900w-Aneww-_lpeg,13,Add Secondary Text Block,"text,layout,local","Insert a small italic subtitle “Freshly roasted, crafted with care” centered beneath “Your Day” in #2E3A67 to balance the space above the cup."
900w-Aneww-_lpeg,14,Theme Restyling,"style,color,global","Restyle for winter holidays: swap palette to deep forest green and gold, add small snowflake icons around headline, change “ESPRESSO Your Day” to “Warm Up Your Day,” keep structure unchanged."
900w-hCJXZqhSZiw,0,Color Palette Variation,"color,global","Replace all beige circles with cool pastels (#DDECF4, #E8F3E6, #F2E9FF, #EAF0F7, #E9F7F2, #F0EAF7); keep background white and text deep charcoal #222 for readability."
900w-hCJXZqhSZiw,1,Translation,"text,global","Translate all text to Spanish: ""Redes sociales"", ""HISTORIA"", ""PORTADAS DE DESTACADOS"", and circle labels: ""hola"", ""familia"", ""trabajo"", ""viajes"", ""blog"", ""dieta""."
900w-hCJXZqhSZiw,2,2-Element Layout Swap,"layout,global","Swap the 'Social media' script with 'STORY', placing 'STORY' above and the script below, both centered with consistent spacing to eliminate overlap."
900w-hCJXZqhSZiw,3,Global Layout Change,"layout,global",Rebuild the layout with a left sidebar title block and a right 2x3 grid of circles; add generous page margins; apply consistent vertical and horizontal spacing across the grid.
900w-hCJXZqhSZiw,4,Object Removal,"layout,local","Remove the cursive ""Social media"" at top; center ""STORY HIGHLIGHT COVERS"" as one stacked heading, increase line spacing slightly, and nudge the circle grid up to balance vertical whitespace."
900w-hCJXZqhSZiw,5,Object Addition,"layout,local","Add small monochrome line icons centered above each circle’s label: speech bubble (hello), heart (family), briefcase (work), airplane (Travel), pen (blog), fork (diet), in #2F2F2F."
900w-hCJXZqhSZiw,6,Copy Expansion,"text,layout,global","Expand the 'Travel' text to a 2–3× longer phrase—'Travel memories, guides, and tips for future adventures'—keeping cursive body size, centered and wrapped within the circle."
900w-hCJXZqhSZiw,7,Image Replacement,"image,layout,local","Swap the six beige text-only circles for six botanical line-art icons in soft sage (#A4B8A3) on cream (#F7F4EF), keeping the same six-circle grid layout."
900w-hCJXZqhSZiw,8,Typography Style Shift,"text,style,global","Replace all script words (circles and “Social media”) with uppercase light sans-serif in charcoal #333 for a clean, modern tone."
900w-hCJXZqhSZiw,9,Accent Recolor,"color,local","Recolor the ""STORY"" headline to deep forest green #184D3A."
900w-hCJXZqhSZiw,10,Background Replacement,"image,color,global",Replace the white background with a soft sage green (#E8F0EA) solid fill to shift the mood calmer while keeping the black text and beige circles clearly legible.
900w-hCJXZqhSZiw,11,Hierarchy Adjustment,"layout,text,global","Enlarge the six category circles to become primary, shift them upward, and reduce 'Social media' and 'STORY HIGHLIGHT COVERS' to small light-grey (#B0B0B0) subtext below."
900w-hCJXZqhSZiw,12,Contrast & Readability Enhancement,"color,style,local",Add a thin white outline to “Social media” and recolor it to warm taupe #A47E6B to improve contrast against the black “STORY.”
900w-hCJXZqhSZiw,13,Add Secondary Text Block,"text,layout,local","Add a small sans-serif subtitle 'A cohesive neutral set' centered between 'COVERS' and the first row, in #6B6B6B."
900w-hCJXZqhSZiw,14,Theme Restyling,"style,color,global","Convert to winter holiday theme: recolor circles #0B3D2E, #B00020, #D4AF37; replace labels with snowflake, gift, tree, star, bell, mitten icons; update header to ""Holiday Highlight Covers"" uppercase sans-serif."
900w-r5rfhPArHDg,0,Color Palette Variation,"color,global","Switch to dark mode: set background to near-black #0E0F12, change all text to warm cream #FFF4E1, and recolor price and accent elements to amber #FFB300."
900w-r5rfhPArHDg,1,Translation,"text,global","Translate the main headline to Spanish, replacing ""PERFECT CHOCOLATE DELIGHT"" with ""DELICIA DE CHOCOLATE PERFECTA"" in uppercase to match current style."
900w-r5rfhPArHDg,2,2-Element Layout Swap,"layout,global","Swap the large waffle image with the bold headline: place the image left/top, move the headline right, center-aligned; keep price and body text anchored below."
900w-r5rfhPArHDg,3,Global Layout Change,"layout,global","Rebuild into a two-column layout: left column full-bleed waffle image; right column vertically stack headline, subcopy, price and location; add generous gutters, unified margins, and consistent spacing hierarchy."
900w-r5rfhPArHDg,4,Object Removal,"layout,local",Remove the bottom-left “Visit us and enjoy our waffle at” text; center the address at the bottom and slightly increase “$9.99” size to maintain visual balance.
900w-r5rfhPArHDg,5,Object Addition,"layout,local","Add a small deep royal blue location pin icon to the left of ""123 Anywhere St., Any City"" at bottom right to emphasize the address."
900w-r5rfhPArHDg,6,Copy Expansion,"text,layout,global","Expand the lower-left text to: ""Enjoy our crispy waffle with rich chocolate sauce, baked fresh to order, crunchy outside, soft inside, drizzled generously for an indulgent bite every time."""
900w-r5rfhPArHDg,7,Image Replacement,"image,layout,local","Replace the chocolate waffle-on-fork photo with a vibrant mixed-berry tart wedge on a fork, keeping the close-up diagonal composition and position."
900w-r5rfhPArHDg,8,Typography Style Shift,"text,style,global",Switch all text from bold uppercase sans-serif to a tall serif with title case to shift the tone from playful to elegant.
900w-r5rfhPArHDg,9,Accent Recolor,"color,local",Recolor the “Price only $9.99” text to warm caramel #C78A2C.
900w-r5rfhPArHDg,10,Background Replacement,"image,color,global","Replace the off-white background with a rich dark-chocolate textured backdrop (#2B1A12), preserving the waffle/fork cutout and ensuring all blue typography remains fully legible."
900w-r5rfhPArHDg,11,Hierarchy Adjustment,"layout,text,global","Enlarge and center the $9.99 price over the waffle in bold deep royal blue #1D4ED8; reduce and lower the headline to medium, making the price the primary focal point."
900w-r5rfhPArHDg,12,Contrast & Readability Enhancement,"color,style,local",Darken all small light-blue copy (“Rimberio Dessert” and bottom captions) to #163A70 and apply medium weight to enhance contrast against the cream background.
900w-r5rfhPArHDg,13,Add Secondary Text Block,"text,layout,local","Add a small sans-serif subtitle 'Handcrafted with Belgian cocoa' in #6B7280 to the upper-right, aligning with the top of 'PERFECT' to balance the header."
900w-r5rfhPArHDg,14,Theme Restyling,"style,color,global","Restyle for Christmas: change headline to “Holiday Chocolate Delight”, switch all blue text to #B31919 with #184D3A accents, add small snowflake icons around the waffle, retain structure."
